locus_tag,Gene,synonymous.mutations
ECB_00001,thrL,0
ECB_00002,thrA,1
ECB_00003,thrB,0
ECB_00004,thrC,0
ECB_00005,b0005,0
ECB_00006,yaaA,0
ECB_00007,yaaJ,1
ECB_00008,talB,0
ECB_00010,yaaH,0
ECB_00011,b0011,0
ECB_00012,htgA,0
ECB_00013,yaaI,1
ECB_00014,dnaK,2
ECB_00015,dnaJ,1
ECB_00018,nhaA,0
ECB_00019,nhaR,0
ECB_00027,rpsT,0
ECB_00028,b0024,0
ECB_00030,ileS,0
ECB_00031,lspA,1
ECB_00035,dapB,0
ECB_00036,carA,1
ECB_00037,carB,1
ECB_00038,caiF,1
ECB_00039,caiE,0
ECB_00040,caiD,0
ECB_00041,caiC,0
ECB_00042,caiB,0
ECB_00043,caiA,2
ECB_00044,caiT,1
ECB_00045,fixA,0
ECB_00046,fixB,1
ECB_00047,fixC,0
ECB_00048,fixX,0
ECB_00049,yaaU,0
ECB_00050,yabF,0
ECB_00051,kefC,2
ECB_00052,folA,0
ECB_00053,apaH,0
ECB_00054,apaG,0
ECB_00055,ksgA,1
ECB_00056,pdxA,1
ECB_00057,surA,2
ECB_00058,imp,2
ECB_00061,hepA,0
ECB_00062,polB,0
ECB_00063,araD,0
ECB_00064,araA,0
ECB_00065,araB,0
ECB_00066,araC,0
ECB_00067,yabI,0
ECB_00068,yabJ,0
ECB_00070,tbpA,1
ECB_00071,yabN,0
ECB_00073,leuD,1
ECB_00074,leuC,0
ECB_00075,leuB,0
ECB_00076,leuA,0
ECB_00077,leuL,0
ECB_00078,leuO,0
ECB_00079,ilvI,1
ECB_00080,ilvH,1
ECB_00081,fruR,0
ECB_00082,yabB,1
ECB_00084,ftsL,1
ECB_00085,ftsI,0
ECB_00086,murE,0
ECB_00087,murF,1
ECB_00088,mraY,1
ECB_00089,murD,3
ECB_00090,ftsW,2
ECB_00091,murG,0
ECB_00092,murC,2
ECB_00094,ftsQ,0
ECB_00095,ftsA,0
ECB_00096,ftsZ,1
ECB_00097,lpxC,0
ECB_00098,yacA,0
ECB_00099,secA,2
ECB_00100,mutT,0
ECB_00101,yacG,0
ECB_00102,yacF,0
ECB_00104,guaC,1
ECB_00105,hofC,0
ECB_00106,hofB,0
ECB_00107,ppdD,0
ECB_00108,nadC,2
ECB_00109,ampD,1
ECB_00110,ampE,1
ECB_00111,aroP,0
ECB_00112,pdhR,1
ECB_00113,aceE,1
ECB_00114,aceF,0
ECB_00115,lpdA,1
ECB_00116,yacH,0
ECB_00117,acnB,2
ECB_00118,yacL,0
ECB_00119,speD,0
ECB_00120,speE,0
ECB_00121,yacC,0
ECB_00123,gcd,0
ECB_00124,hpt,1
ECB_00125,yadF,2
ECB_00126,yadG,2
ECB_00127,yadH,1
ECB_00128,yadI,1
ECB_00129,yadE,0
ECB_00130,panD,0
ECB_00131,yadD,0
ECB_00132,panC,0
ECB_00133,panB,2
ECB_00134,yadC,1
ECB_00135,yadK,0
ECB_00136,yadL,2
ECB_00137,yadM,0
ECB_00138,htrE,2
ECB_00139,ecpD,0
ECB_00140,yadN,0
ECB_00141,folK,0
ECB_00142,pcnB,2
ECB_00143,yadB,1
ECB_00144,dksA,0
ECB_00145,sfsA,0
ECB_00147,hrpB,0
ECB_00148,mrcB,1
ECB_00149,fhuA,2
ECB_00150,fhuC,0
ECB_00151,fhuD,0
ECB_00152,fhuB,0
ECB_00153,hemL,0
ECB_00154,yadQ,0
ECB_00155,yadR,1
ECB_00156,yadS,0
ECB_00157,yadT,0
ECB_00158,pfs,0
ECB_00159,dgt,1
ECB_00162,yaeH,0
ECB_00163,yaeI,0
ECB_00164,dapD,0
ECB_00165,glnD,2
ECB_00166,map,0
ECB_00167,rpsB,0
ECB_00168,tsf,1
ECB_00169,pyrH,0
ECB_00170,frr,0
ECB_00172,b0174,0
ECB_00173,cdsA,0
ECB_00174,yaeL,0
ECB_00175,b0177,2
ECB_00176,hlpA,0
ECB_00177,lpxD,0
ECB_00178,fabZ,1
ECB_00179,lpxA,1
ECB_00180,lpxB,1
ECB_00181,rnhB,0
ECB_00182,dnaE,1
ECB_00183,accA,0
ECB_00184,ldcC,2
ECB_00185,b0187,0
ECB_00189,yaeQ,0
ECB_00190,yaeJ,0
ECB_00191,cutF,0
ECB_00192,yaeF,0
ECB_00193,proS,1
ECB_00194,yaeB,0
ECB_00195,rcsF,0
ECB_00201,yafC,0
ECB_00202,yafD,0
ECB_00203,yafE,0
ECB_00205,b0212,0
ECB_00206,b0213,1
ECB_00207,rnhA,0
ECB_00208,dnaQ,0
ECB_00209,b0217,0
ECB_00214,b0219,1
ECB_00215,b0220,0
ECB_00216,b0221,2
ECB_00218,yafJ,1
ECB_00219,yafK,0
ECB_00220,yafQ,0
ECB_00221,dinJ,1
ECB_00222,yafL,0
ECB_00223,yafM,0
ECB_00224,fhiA,0
ECB_00225,mbhA,0
ECB_00227,yafN,0
ECB_00228,yafO,1
ECB_00229,yafP,0
ECB_00230,b0235,1
ECB_00231,prfH,1
ECB_00232,pepD,1
ECB_00233,gpt,0
ECB_00234,yafA,0
ECB_00235,crl,1
ECB_00238,phoE,0
ECB_00239,proB,0
ECB_00240,proA,1
ECB_00241,yagP,0
ECB_00242,yagQ,1
ECB_00243,yagR,3
ECB_00244,yagS,1
ECB_00245,yagT,1
ECB_00246,yagU,0
ECB_00247,b0288,0
ECB_00248,yagV,0
ECB_00249,yagW,2
ECB_00250,yagX,0
ECB_00251,yagY,1
ECB_00252,yagZ,0
ECB_00253,b0294,1
ECB_00254,b0295,1
ECB_00255,b0296,0
ECB_00256,eaeH,3
ECB_00257,ykgA,1
ECB_00258,ykgB,0
ECB_00259,b0303,0
ECB_00260,ykgC,1
ECB_00261,ykgD,0
ECB_00262,ykgE,2
ECB_00263,ykgF,0
ECB_00264,ykgG,0
ECB_00265,b0309,0
ECB_00266,ykgH,0
ECB_00267,betA,1
ECB_00268,betB,0
ECB_00269,betI,0
ECB_00270,betT,0
ECB_00271,yahA,1
ECB_00272,b0316,0
ECB_00273,b0317,1
ECB_00274,b0318,0
ECB_00275,b0319,0
ECB_00276,b0320,0
ECB_00277,b0321,1
ECB_00278,b0323,0
ECB_00279,b0324,1
ECB_00280,b0325,0
ECB_00281,b0326,1
ECB_00282,b0327,0
ECB_00283,b0328,0
ECB_00284,b0329,0
ECB_00285,b0330,1
ECB_00286,b0331,0
ECB_00287,b0333,0
ECB_00288,b0334,1
ECB_00289,b0335,1
ECB_00290,codB,1
ECB_00291,codA,0
ECB_00292,cynR,0
ECB_00293,cynT,1
ECB_00294,cynS,1
ECB_00295,cynX,1
ECB_00296,lacA,0
ECB_00297,lacY,1
ECB_00298,lacZ,0
ECB_00299,lacI,0
ECB_00300,b0346,0
ECB_00301,b0347,0
ECB_00302,mhpB,0
ECB_00303,b0349,1
ECB_00304,b0350,0
ECB_00306,b0352,0
ECB_00307,b0353,1
ECB_00308,b0354,0
ECB_00309,b0355,0
ECB_00311,b0357,0
ECB_00312,b0358,0
ECB_00315,b0365,0
ECB_00316,b0366,0
ECB_00317,b0367,1
ECB_00318,b0368,0
ECB_00319,hemB,0
ECB_00320,b0370,0
ECB_00321,b0371,2
ECB_00322,b0375,0
ECB_00324,sbmA,0
ECB_00325,b0378,0
ECB_00326,b0379,0
ECB_00327,b0380,0
ECB_00329,yaiB,0
ECB_00330,phoA,1
ECB_00331,psiF,1
ECB_00332,yaiC,0
ECB_00333,proC,1
ECB_00334,yaiI,0
ECB_00335,aroL,0
ECB_00336,yaiA,0
ECB_00337,aroM,0
ECB_00338,yaiE,0
ECB_00339,b0392,0
ECB_00343,yajF,0
ECB_00344,araJ,0
ECB_00345,sbcC,1
ECB_00346,sbcD,0
ECB_00347,phoB,0
ECB_00348,phoR,0
ECB_00349,brnQ,0
ECB_00350,b0402,0
ECB_00351,malZ,0
ECB_00352,yajB,0
ECB_00353,queA,1
ECB_00354,tgt,0
ECB_00355,yajC,0
ECB_00356,secD,0
ECB_00357,secF,0
ECB_00358,yajD,0
ECB_00359,tsx,0
ECB_00360,yajI,0
ECB_00361,ybaD,0
ECB_00362,ribD,1
ECB_00363,ribH,1
ECB_00364,nusB,1
ECB_00365,b0417,0
ECB_00366,b0418,0
ECB_00367,b0419,1
ECB_00368,b0420,0
ECB_00369,ispA,1
ECB_00370,xseB,1
ECB_00371,b0423,1
ECB_00372,thiJ,0
ECB_00373,apbA,0
ECB_00374,b0426,1
ECB_00375,b0427,0
ECB_00379,cyoE,1
ECB_00380,cyoD,0
ECB_00381,cyoC,0
ECB_00382,cyoB,2
ECB_00383,cyoA,0
ECB_00384,ampG,0
ECB_00385,yajG,1
ECB_00386,bolA,0
ECB_00387,tig,0
ECB_00388,clpP,2
ECB_00389,clpX,0
ECB_00391,lon,0
ECB_00392,hupB,0
ECB_00393,b0441,3
ECB_00394,b0442,0
ECB_00395,b0443,0
ECB_00396,b0444,0
ECB_00397,ybaE,1
ECB_00398,cof,0
ECB_00399,b0447,0
ECB_00400,mdlA,1
ECB_00401,mdlB,0
ECB_00402,glnK,0
ECB_00403,amtB,0
ECB_00404,tesB,0
ECB_00405,b0453,1
ECB_00406,b0454,0
ECB_00407,ybaA,0
ECB_00408,b0457,0
ECB_00409,b0458,1
ECB_00410,b0459,1
ECB_00411,hha,1
ECB_00412,ybaJ,1
ECB_00413,acrB,1
ECB_00414,acrA,0
ECB_00415,acrR,0
ECB_00416,b0465,1
ECB_00417,ybaM,0
ECB_00418,priC,0
ECB_00419,ybaN,0
ECB_00420,apt,1
ECB_00421,dnaX,2
ECB_00422,ybaB,0
ECB_00423,recR,1
ECB_00424,htpG,1
ECB_00425,adk,1
ECB_00426,hemH,0
ECB_00428,gsk,0
ECB_00429,ybaL,0
ECB_00430,fsr,1
ECB_00431,ushA,2
ECB_00432,b0481,0
ECB_00433,b0482,1
ECB_00434,b0483,0
ECB_00435,b0484,0
ECB_00436,b0485,0
ECB_00437,b0486,1
ECB_00438,b0487,0
ECB_00439,b0488,1
ECB_00440,b0489,0
ECB_00441,b0490,0
ECB_00442,b0491,0
ECB_00443,b0492,0
ECB_00444,b0493,0
ECB_00445,tesA,0
ECB_00446,ybbA,0
ECB_00447,b0496,2
ECB_00448,rhsD,4
ECB_00449,ybbC,0
ECB_00450,b0499,0
ECB_00451,ybbD,0
ECB_00452,b0502,0
ECB_00453,ybbB,1
ECB_00454,b0504,0
ECB_00455,b0505,0
ECB_00456,b0506,0
ECB_00457,gcl,2
ECB_00459,b0509,1
ECB_00460,b0510,0
ECB_00461,b0511,0
ECB_00462,b0512,1
ECB_00463,b0513,1
ECB_00464,b0514,0
ECB_00465,b0515,1
ECB_00466,b0516,0
ECB_00467,b0517,0
ECB_00468,b0518,2
ECB_00470,b0520,1
ECB_00472,purK,0
ECB_00473,purE,0
ECB_00474,ybbF,1
ECB_00475,ppiB,0
ECB_00476,cysS,0
ECB_00477,ybcI,1
ECB_00478,ybcJ,0
ECB_00479,folD,0
ECB_00480,b0530,0
ECB_00481,b0531,1
ECB_00482,b0532,0
ECB_00483,b0533,1
ECB_00485,fimZ,0
ECB_00486,intD,2
ECB_00492,b0542,0
ECB_00493,b0543,0
ECB_00494,b0544,1
ECB_00495,b0545,0
ECB_00496,b0546,1
ECB_00497,b0547,0
ECB_00498,b0548,0
ECB_00499,b0549,0
ECB_00500,b0550,1
ECB_00502,b0551,0
ECB_00503,nmpC,0
ECB_00506,b0554,0
ECB_00507,b0555,0
ECB_00508,b0556,0
ECB_00509,b0557,0
ECB_00511,nohB,0
ECB_00518,appY,0
ECB_00519,ompT,0
ECB_00520,envY,0
ECB_00521,ybcH,0
ECB_00522,nfrA,1
ECB_00523,nfrB,0
ECB_00531,b0570,0
ECB_00532,b0571,0
ECB_00533,b0572,0
ECB_00534,b0573,0
ECB_00535,b0574,0
ECB_00537,pheP,0
ECB_00538,ybdG,0
ECB_00539,nfnB,0
ECB_00540,ybdF,0
ECB_00541,b0580,0
ECB_00542,b0581,0
ECB_00549,entD,0
ECB_00550,fepA,1
ECB_00551,fes,0
ECB_00553,entF,2
ECB_00554,fepE,1
ECB_00555,fepC,1
ECB_00556,fepG,1
ECB_00557,fepD,0
ECB_00558,ybdA,2
ECB_00559,fepB,0
ECB_00560,entC,0
ECB_00561,entE,0
ECB_00562,entB,0
ECB_00563,entA,0
ECB_00564,ybdB,0
ECB_00567,ybdH,0
ECB_00568,b0600,0
ECB_00569,b0601,0
ECB_00570,b0602,0
ECB_00573,b0604,1
ECB_00574,ahpC,0
ECB_00575,ahpF,0
ECB_00576,b0607,0
ECB_00577,b0608,0
ECB_00578,rnk,0
ECB_00579,rna,0
ECB_00580,b0612,1
ECB_00581,b0613,0
ECB_00582,b0614,0
ECB_00583,b0615,0
ECB_00584,b0616,0
ECB_00585,b0617,0
ECB_00586,b0618,1
ECB_00589,b0619,1
ECB_00591,b0621,1
ECB_00593,cspE,0
ECB_00597,lipA,0
ECB_00598,ybeF,1
ECB_00599,lipB,0
ECB_00600,ybeD,0
ECB_00601,dacA,0
ECB_00602,rlpA,0
ECB_00603,mrdB,1
ECB_00604,mrdA,0
ECB_00605,ybeA,0
ECB_00606,ybeB,0
ECB_00607,phpB,0
ECB_00608,b0639,1
ECB_00609,holA,1
ECB_00610,rlpB,0
ECB_00611,leuS,1
ECB_00612,ybeL,0
ECB_00614,b0645,0
ECB_00615,b0649,0
ECB_00616,b0650,1
ECB_00618,gltL,0
ECB_00621,gltK,0
ECB_00622,gltJ,0
ECB_00625,lnt,0
ECB_00626,b0658,0
ECB_00627,b0659,1
ECB_00628,b0660,0
ECB_00629,b0661,1
ECB_00630,b0662,0
ECB_00631,asnB,0
ECB_00632,nagD,0
ECB_00633,nagC,1
ECB_00634,nagA,0
ECB_00635,nagB,1
ECB_00636,nagE,0
ECB_00637,glnS,1
ECB_00638,b0681,0
ECB_00639,b0682,0
ECB_00640,fur,0
ECB_00641,fldA,0
ECB_00642,b0685,0
ECB_00643,b0686,0
ECB_00644,seqA,0
ECB_00645,pgm,0
ECB_00646,b0689,1
ECB_00648,potE,1
ECB_00649,speF,1
ECB_00651,kdpE,0
ECB_00652,kdpD,1
ECB_00653,kdpC,0
ECB_00654,kdpB,1
ECB_00655,kdpA,0
ECB_00657,ybfA,0
ECB_00658,rhsC,2
ECB_00659,ybfB,0
ECB_00660,b0703,1
ECB_00661,ybfC,1
ECB_00666,ybfD,0
ECB_00667,ybgA,0
ECB_00668,phrB,0
ECB_00669,b0709,2
ECB_00670,b0710,0
ECB_00671,b0711,1
ECB_00672,b0712,1
ECB_00673,b0713,0
ECB_00674,nei,0
ECB_00675,b0715,0
ECB_00676,b0716,0
ECB_00677,b0717,0
ECB_00678,b0718,2
ECB_00679,ybgD,0
ECB_00680,gltA,0
ECB_00681,sdhC,0
ECB_00682,sdhD,0
ECB_00683,sdhA,0
ECB_00684,sdhB,0
ECB_00685,sucA,1
ECB_00686,sucB,1
ECB_00687,sucC,0
ECB_00688,sucD,1
ECB_00689,farR,0
ECB_00690,hrsA,1
ECB_00692,cydA,0
ECB_00693,cydB,1
ECB_00695,ybgE,1
ECB_00696,ybgC,0
ECB_00697,tolQ,1
ECB_00698,tolR,0
ECB_00699,tolA,0
ECB_00700,tolB,0
ECB_00701,pal,0
ECB_00702,ybgF,0
ECB_00703,nadA,2
ECB_00704,pnuC,0
ECB_00705,b0752,1
ECB_00706,b0753,0
ECB_00707,aroG,1
ECB_00708,gpmA,1
ECB_00709,galM,0
ECB_00710,galK,2
ECB_00711,galT,0
ECB_00712,galE,0
ECB_00713,modF,0
ECB_00714,modE,0
ECB_00715,b0762,0
ECB_00716,modA,0
ECB_00717,modB,0
ECB_00718,modC,0
ECB_00719,ybhA,1
ECB_00720,ybhE,0
ECB_00721,ybhD,0
ECB_00722,b0769,0
ECB_00723,b0770,0
ECB_00724,b0771,2
ECB_00725,ybhC,1
ECB_00740,ybhB,0
ECB_00741,bioA,0
ECB_00742,bioB,1
ECB_00743,bioF,0
ECB_00744,bioC,1
ECB_00745,bioD,1
ECB_00746,uvrB,1
ECB_00747,b0780,0
ECB_00748,moaA,1
ECB_00749,moaB,0
ECB_00750,moaC,0
ECB_00751,moaD,1
ECB_00752,moaE,0
ECB_00753,b0786,0
ECB_00754,b0787,1
ECB_00755,b0788,0
ECB_00756,b0789,1
ECB_00757,b0790,0
ECB_00758,b0791,0
ECB_00759,b0792,0
ECB_00760,b0793,0
ECB_00761,b0794,0
ECB_00762,b0795,0
ECB_00763,ybiH,0
ECB_00764,rhlE,0
ECB_00765,ybiA,0
ECB_00766,dinG,0
ECB_00767,ybiB,3
ECB_00768,ybiC,1
ECB_00769,ybiJ,1
ECB_00770,ybiI,0
ECB_00771,b0804,0
ECB_00772,b0805,1
ECB_00773,b0806,0
ECB_00774,b0807,0
ECB_00775,b0808,1
ECB_00776,glnQ,0
ECB_00777,glnP,0
ECB_00778,glnH,1
ECB_00779,dps,0
ECB_00780,ybiF,0
ECB_00781,ompX,0
ECB_00782,b0815,1
ECB_00783,b0816,1
ECB_00784,b0817,0
ECB_00785,b0818,0
ECB_00786,b0819,0
ECB_00787,b0820,1
ECB_00788,b0821,0
ECB_00789,b0822,1
ECB_00790,b0823,0
ECB_00791,b0824,1
ECB_00792,b0825,0
ECB_00793,moeB,0
ECB_00794,moeA,2
ECB_00795,ybiK,0
ECB_00796,b0829,0
ECB_00797,b0830,0
ECB_00798,b0831,1
ECB_00799,b0832,0
ECB_00800,b0833,1
ECB_00801,b0834,1
ECB_00802,b0835,1
ECB_00803,b0836,0
ECB_00804,b0837,0
ECB_00805,b0838,1
ECB_00806,dacC,0
ECB_00807,deoR,0
ECB_00808,b0841,0
ECB_00809,b0842,1
ECB_00810,b0843,0
ECB_00811,b0844,0
ECB_00812,b0845,1
ECB_00813,b0846,1
ECB_00852,b0847,0
ECB_00853,b0848,1
ECB_00854,grxA,0
ECB_00855,ybjC,0
ECB_00857,rimK,0
ECB_00858,b0853,1
ECB_00859,potF,1
ECB_00860,potG,0
ECB_00861,potH,0
ECB_00862,potI,0
ECB_00863,b0858,1
ECB_00864,b0859,1
ECB_00865,artJ,0
ECB_00866,artM,0
ECB_00867,artQ,0
ECB_00868,artI,0
ECB_00869,artP,1
ECB_00870,b0865,0
ECB_00871,b0866,0
ECB_00872,b0867,0
ECB_00873,b0868,0
ECB_00874,b0869,1
ECB_00875,b0870,0
ECB_00876,poxB,1
ECB_00877,b0872,0
ECB_00878,b0873,1
ECB_00879,b0874,0
ECB_00880,aqpZ,0
ECB_00881,b0876,0
ECB_00882,b0877,0
ECB_00883,b0878,1
ECB_00884,b0879,0
ECB_00885,cspD,0
ECB_00886,b0881,0
ECB_00887,clpA,1
ECB_00888,infA,0
ECB_00889,aat,1
ECB_00890,cydC,2
ECB_00891,cydD,1
ECB_00892,trxB,1
ECB_00893,lrp,2
ECB_00894,ftsK,2
ECB_00895,lolA,1
ECB_00896,ycaJ,0
ECB_00897,serS,0
ECB_00898,dmsA,1
ECB_00899,dmsB,0
ECB_00900,dmsC,0
ECB_00901,ycaC,0
ECB_00902,ycaD,0
ECB_00903,b0899,0
ECB_00904,b0900,0
ECB_00905,ycaK,0
ECB_00906,pflA,1
ECB_00907,pflB,1
ECB_00908,focA,0
ECB_00909,b0905,0
ECB_00910,b0906,1
ECB_00911,serC,0
ECB_00912,aroA,1
ECB_00913,b0909,0
ECB_00914,cmk,0
ECB_00915,rpsA,1
ECB_00916,himD,1
ECB_00917,ycaI,1
ECB_00918,msbA,0
ECB_00920,b0916,0
ECB_00921,b0917,0
ECB_00922,kdsB,0
ECB_00923,b0919,0
ECB_00924,ycbC,2
ECB_00925,smtA,0
ECB_00926,mukF,0
ECB_00927,mukE,0
ECB_00928,mukB,3
ECB_00929,ycbB,1
ECB_00930,b0926,1
ECB_00931,b0927,1
ECB_00932,aspC,0
ECB_00933,ompF,1
ECB_00934,asnS,0
ECB_00935,pncB,2
ECB_00936,pepN,0
ECB_00938,b0934,0
ECB_00939,b0935,1
ECB_00940,b0936,1
ECB_00941,b0937,0
ECB_00942,b0938,0
ECB_00943,b0939,0
ECB_00944,b0940,1
ECB_00945,b0941,1
ECB_00946,b0942,0
ECB_00947,b0943,1
ECB_00948,ycbF,0
ECB_00949,pyrD,2
ECB_00950,b0946,0
ECB_00951,b0947,0
ECB_00952,b0948,0
ECB_00953,b0949,0
ECB_00954,pqiA,1
ECB_00955,pqiB,1
ECB_00956,b0952,0
ECB_00957,rmf,0
ECB_00958,fabA,0
ECB_00959,b0955,2
ECB_00960,ycbG,0
ECB_00961,ompA,0
ECB_00962,sulA,0
ECB_00963,b0959,0
ECB_00964,b0960,1
ECB_00965,yccF,0
ECB_00966,helD,2
ECB_00968,b0964,1
ECB_00969,b0965,0
ECB_00970,b0966,0
ECB_00971,b0967,0
ECB_00972,b0968,0
ECB_00973,yccK,0
ECB_00974,yccA,0
ECB_00975,hyaA,1
ECB_00976,hyaB,1
ECB_00977,hyaC,0
ECB_00978,hyaD,0
ECB_00979,hyaE,0
ECB_00980,hyaF,1
ECB_00981,appC,0
ECB_00982,appB,2
ECB_00983,appA,0
ECB_00984,yccC,0
ECB_00985,b0982,1
ECB_00986,b0983,0
ECB_00987,b0984,2
ECB_00988,b0985,0
ECB_00989,b0986,0
ECB_00990,b0987,0
ECB_00991,b0989,1
ECB_00992,cspG,0
ECB_00993,sfa,0
ECB_00995,b0992,0
ECB_00996,torS,1
ECB_00997,torT,1
ECB_00998,torR,0
ECB_00999,torC,0
ECB_01000,torA,2
ECB_01001,torD,0
ECB_01002,yccD,0
ECB_01003,cbpA,1
ECB_01004,yccE,0
ECB_01005,agp,1
ECB_01006,yccJ,0
ECB_01007,wrbA,1
ECB_01009,b1006,1
ECB_01010,b1007,0
ECB_01011,b1008,0
ECB_01012,b1009,0
ECB_01013,b1010,0
ECB_01014,b1011,1
ECB_01015,b1012,0
ECB_01016,b1013,0
ECB_01017,putA,2
ECB_01018,putP,2
ECB_01019,b1016,1
ECB_01020,b1018,1
ECB_01021,ycdB,1
ECB_01022,phoH,0
ECB_01023,b1021,0
ECB_01024,b1022,1
ECB_01025,b1023,1
ECB_01026,b1024,0
ECB_01027,b1025,0
ECB_01030,b1033,1
ECB_01031,b1034,0
ECB_01032,b1035,1
ECB_01033,b1036,1
ECB_01034,csgG,0
ECB_01035,csgF,0
ECB_01036,csgE,0
ECB_01037,csgD,0
ECB_01038,csgB,0
ECB_01039,csgA,0
ECB_01040,b1043,0
ECB_01041,b1044,2
ECB_01042,b1045,0
ECB_01043,b1046,2
ECB_01044,b1047,1
ECB_01045,mdoG,0
ECB_01046,mdoH,1
ECB_01047,yceK,0
ECB_01048,msyB,0
ECB_01049,yceE,0
ECB_01050,htrB,1
ECB_01051,yceA,0
ECB_01052,yceI,0
ECB_01053,b1057,0
ECB_01054,b1058,0
ECB_01055,b1059,0
ECB_01056,b1060,0
ECB_01057,dinI,0
ECB_01058,pyrC,0
ECB_01059,yceB,0
ECB_01060,grxB,0
ECB_01061,b1065,0
ECB_01062,rimJ,1
ECB_01063,yceH,0
ECB_01064,mviM,0
ECB_01065,mviN,1
ECB_01066,flgN,0
ECB_01067,flgM,0
ECB_01068,flgA,0
ECB_01069,flgB,0
ECB_01070,flgC,0
ECB_01071,flgD,0
ECB_01072,flgE,1
ECB_01073,flgF,0
ECB_01074,flgG,1
ECB_01075,flgH,0
ECB_01076,flgI,1
ECB_01077,flgJ,0
ECB_01078,flgK,0
ECB_01079,flgL,1
ECB_01080,rne,1
ECB_01081,b1085,0
ECB_01084,yceD,0
ECB_01085,rpmF,0
ECB_01086,plsX,1
ECB_01087,fabH,1
ECB_01088,fabD,0
ECB_01089,fabG,1
ECB_01090,acpP,1
ECB_01091,fabF,0
ECB_01092,pabC,1
ECB_01093,yceG,0
ECB_01094,tmk,0
ECB_01095,holB,0
ECB_01096,ycfH,0
ECB_01097,ptsG,1
ECB_01098,fhuE,2
ECB_01099,ycfF,0
ECB_01100,b1104,0
ECB_01101,b1105,0
ECB_01102,b1106,1
ECB_01103,b1107,0
ECB_01104,b1108,0
ECB_01105,ndh,1
ECB_01106,ycfJ,0
ECB_01107,b1111,0
ECB_01108,b1112,0
ECB_01109,b1113,1
ECB_01110,mfd,3
ECB_01111,b1115,0
ECB_01112,b1116,1
ECB_01113,b1117,0
ECB_01114,b1118,0
ECB_01118,b1120,0
ECB_01119,b1121,0
ECB_01120,b1122,0
ECB_01121,potD,1
ECB_01122,potC,0
ECB_01123,potB,0
ECB_01124,potA,0
ECB_01125,pepT,0
ECB_01126,ycfD,0
ECB_01127,phoQ,0
ECB_01128,phoP,0
ECB_01129,purB,0
ECB_01130,ycfC,0
ECB_01132,b1134,1
ECB_01133,b1135,0
ECB_01134,icdA,0
ECB_01135,b1160,0
ECB_01136,b1161,0
ECB_01137,b1162,1
ECB_01138,b1163,1
ECB_01139,b1164,0
ECB_01140,b1165,0
ECB_01141,b1166,0
ECB_01142,b1167,1
ECB_01143,b1168,0
ECB_01146,b1171,0
ECB_01147,b1172,0
ECB_01148,b1173,0
ECB_01149,minE,0
ECB_01150,minD,1
ECB_01151,minC,0
ECB_01152,b1177,0
ECB_01153,b1178,0
ECB_01154,b1179,0
ECB_01155,b1180,0
ECB_01156,b1181,0
ECB_01158,umuD,1
ECB_01159,umuC,0
ECB_01160,dsbB,0
ECB_01161,nhaB,0
ECB_01162,fadR,1
ECB_01163,ycgB,0
ECB_01164,dadA,0
ECB_01166,b1191,2
ECB_01167,b1192,0
ECB_01168,b1193,1
ECB_01169,b1194,0
ECB_01170,b1195,0
ECB_01171,b1196,1
ECB_01172,treA,1
ECB_01174,b1199,1
ECB_01175,b1200,0
ECB_01176,b1201,2
ECB_01177,b1202,2
ECB_01178,ychF,0
ECB_01179,pth,0
ECB_01180,ychH,0
ECB_01181,ychM,0
ECB_01182,prsA,0
ECB_01185,hemA,1
ECB_01186,prfA,0
ECB_01187,hemK,0
ECB_01188,b1213,0
ECB_01189,ychA,0
ECB_01190,kdsA,0
ECB_01194,chaA,0
ECB_01195,chaB,0
ECB_01196,chaC,0
ECB_01197,ychN,0
ECB_01198,ychP,0
ECB_01199,narL,1
ECB_01200,narX,2
ECB_01201,narK,0
ECB_01202,narG,2
ECB_01203,narH,1
ECB_01204,narJ,0
ECB_01205,narI,0
ECB_01206,b1228,0
ECB_01207,tpr,0
ECB_01208,purU,0
ECB_01209,ychJ,0
ECB_01210,ychK,0
ECB_01211,hnr,1
ECB_01212,galU,0
ECB_01213,hns,0
ECB_01214,tdk,0
ECB_01215,adhE,0
ECB_01216,ychE,0
ECB_01217,oppA,0
ECB_01218,oppB,2
ECB_01219,oppC,0
ECB_01220,oppD,2
ECB_01221,oppF,0
ECB_01222,b1248,0
ECB_01223,cls,3
ECB_01224,kch,0
ECB_01225,yciI,0
ECB_01226,tonB,1
ECB_01227,yciA,0
ECB_01229,yciC,0
ECB_01230,yciD,0
ECB_01231,yciE,0
ECB_01232,yciF,0
ECB_01233,yciG,0
ECB_01234,trpA,1
ECB_01235,trpB,2
ECB_01236,trpC,1
ECB_01237,trpD,0
ECB_01238,trpE,0
ECB_01239,trpL,0
ECB_01240,b1266,0
ECB_01241,yciO,0
ECB_01242,yciQ,0
ECB_01245,yciL,0
ECB_01246,btuR,0
ECB_01247,yciK,0
ECB_01248,sohB,0
ECB_01249,yciN,0
ECB_01250,topA,0
ECB_01251,cysB,0
ECB_01253,acnA,0
ECB_01254,ribA,0
ECB_01255,pgpB,0
ECB_01256,b1279,1
ECB_01257,yciM,1
ECB_01258,pyrF,0
ECB_01259,yciH,0
ECB_01260,osmB,0
ECB_01261,b1284,0
ECB_01262,b1285,2
ECB_01263,rnb,0
ECB_01264,b1287,1
ECB_01265,fabI,0
ECB_01266,ycjD,0
ECB_01267,sapF,0
ECB_01268,sapD,0
ECB_01269,sapC,0
ECB_01270,sapB,0
ECB_01271,sapA,0
ECB_01272,b1295,0
ECB_01273,b1296,0
ECB_01274,b1297,0
ECB_01275,b1298,1
ECB_01276,ycjC,0
ECB_01277,aldH,1
ECB_01278,ordL,0
ECB_01279,goaG,2
ECB_01280,pspF,0
ECB_01281,pspA,0
ECB_01282,pspB,0
ECB_01283,pspC,0
ECB_01284,pspD,0
ECB_01285,pspE,1
ECB_01286,b1309,1
ECB_01287,b1310,0
ECB_01288,b1311,0
ECB_01289,b1312,0
ECB_01290,b1313,0
ECB_01291,b1314,0
ECB_01292,b1315,1
ECB_01293,b1316,1
ECB_01294,b1317,1
ECB_01295,b1318,0
ECB_01296,b1319,1
ECB_01297,b1320,0
ECB_01298,b1321,1
ECB_01299,ycjF,0
ECB_01300,tyrR,0
ECB_01301,tpx,0
ECB_01302,b1325,0
ECB_01303,b1326,0
ECB_01305,b1327,0
ECB_01306,b1328,1
ECB_01307,b1329,0
ECB_01308,b1330,0
ECB_01309,b1332,0
ECB_01310,ydaA,1
ECB_01311,fnr,1
ECB_01312,ogt,0
ECB_01314,b1337,2
ECB_01315,b1338,1
ECB_01316,b1339,0
ECB_01317,b1340,0
ECB_01318,b1341,2
ECB_01319,b1342,0
ECB_01320,dbpA,0
ECB_01321,b1344,0
ECB_01322,b1345,2
ECB_01323,b1346,0
ECB_01324,ydaC,0
ECB_01325,lar,0
ECB_01326,recT,0
ECB_01327,recE,2
ECB_01328,racC,0
ECB_01331,sieB,0
ECB_01333,b1355,0
ECB_01338,b1362,0
ECB_01339,trkG,0
ECB_01340,b1365,0
ECB_01345,b1374,0
ECB_01346,b1375,0
ECB_01347,b1376,0
ECB_01348,b1377,0
ECB_01349,b1378,3
ECB_01351,hslJ,0
ECB_01352,ldhA,0
ECB_01353,b1381,1
ECB_01354,b1382,0
ECB_01355,b1383,0
ECB_01356,b1384,0
ECB_01357,b1385,1
ECB_01358,tynA,0
ECB_01361,ydbC,0
ECB_01362,ydbD,1
ECB_01363,b1408,1
ECB_01364,b1409,0
ECB_01365,b1410,1
ECB_01366,b1411,1
ECB_01367,acpD,0
ECB_01368,hrpA,2
ECB_01369,ydcF,0
ECB_01370,aldA,0
ECB_01374,cybB,0
ECB_01375,b1419,0
ECB_01377,b1420,0
ECB_01378,trg,0
ECB_01379,b1422,0
ECB_01380,b1423,0
ECB_01381,b1424,0
ECB_01382,b1425,0
ECB_01383,ydcH,0
ECB_01384,rimL,1
ECB_01385,b1428,1
ECB_01386,tehA,1
ECB_01387,tehB,0
ECB_01388,b1431,1
ECB_01390,b1432,0
ECB_01391,b1433,0
ECB_01392,b1434,0
ECB_01393,b1435,1
ECB_01394,b1436,0
ECB_01395,b1438,0
ECB_01396,b1439,0
ECB_01397,b1440,0
ECB_01398,b1441,0
ECB_01399,b1442,0
ECB_01400,b1443,2
ECB_01401,b1444,0
ECB_01402,b1445,0
ECB_01403,b1446,0
ECB_01404,b1447,0
ECB_01405,b1448,0
ECB_01406,b1449,1
ECB_01407,b1450,1
ECB_01408,b1451,0
ECB_01409,b1452,1
ECB_01410,b1453,0
ECB_01411,b1454,0
ECB_01412,b1455,0
ECB_01414,rhsE,0
ECB_01415,ydcD,0
ECB_01416,b1458,1
ECB_01417,b1459,0
ECB_01418,ydcC,0
ECB_01419,ydcE,0
ECB_01420,b1462,0
ECB_01421,b1463,0
ECB_01422,yddE,0
ECB_01423,narV,0
ECB_01424,narW,0
ECB_01425,narY,0
ECB_01426,narZ,1
ECB_01427,narU,0
ECB_01428,b1470,0
ECB_01429,b1471,1
ECB_01430,b1472,1
ECB_01431,yddG,0
ECB_01432,fdnG,2
ECB_01433,fdnH,0
ECB_01434,fdnI,0
ECB_01435,b1477,0
ECB_01436,b1478,1
ECB_01437,sfcA,0
ECB_01438,rpsV,0
ECB_01439,b1481,0
ECB_01440,osmC,0
ECB_01441,b1483,0
ECB_01442,b1484,1
ECB_01443,b1485,1
ECB_01444,b1486,1
ECB_01445,b1487,0
ECB_01446,b1488,0
ECB_01447,b1489,0
ECB_01448,b1490,2
ECB_01449,b1491,0
ECB_01450,xasA,0
ECB_01451,gadB,0
ECB_01453,yddB,0
ECB_01454,yddA,1
ECB_01455,b1497,0
ECB_01456,b1498,1
ECB_01457,b1499,0
ECB_01458,b1500,0
ECB_01459,b1501,1
ECB_01460,b1502,0
ECB_01461,b1503,0
ECB_01462,b1504,1
ECB_01463,b1505,0
ECB_01468,b1506,0
ECB_01469,hipA,0
ECB_01470,hipB,0
ECB_01471,b1509,0
ECB_01472,b1515,0
ECB_01473,b1516,0
ECB_01474,b1517,0
ECB_01475,b1518,0
ECB_01476,b1519,0
ECB_01477,b1520,0
ECB_01478,uxaB,0
ECB_01479,b1522,0
ECB_01480,b1523,0
ECB_01481,b1524,0
ECB_01482,b1525,1
ECB_01483,b1526,0
ECB_01484,b1527,2
ECB_01489,marR,0
ECB_01490,marA,0
ECB_01491,marB,0
ECB_01494,ydeH,0
ECB_01495,ydeI,1
ECB_01496,ydeJ,0
ECB_01497,dcp,1
ECB_01498,ydfG,1
ECB_01499,b1540,2
ECB_01500,b1541,0
ECB_01501,b1542,0
ECB_01502,b1543,0
ECB_01503,b1544,0
ECB_01504,b1545,0
ECB_01508,b1372,0
ECB_01509,b1369,0
ECB_01513,b0559,1
ECB_01514,b1550,0
ECB_01515,b1551,0
ECB_01517,b1552,0
ECB_01518,b1553,0
ECB_01520,b1555,0
ECB_01521,b1556,0
ECB_01529,b1560,0
ECB_01531,rem,0
ECB_01537,b1568,1
ECB_01538,dicC,0
ECB_01543,dicB,0
ECB_01544,ydfD,0
ECB_01545,ydfE,0
ECB_01549,rspB,0
ECB_01550,rspA,0
ECB_01551,b1582,0
ECB_01552,b1583,0
ECB_01553,speG,0
ECB_01554,b1585,0
ECB_01555,b1586,0
ECB_01556,b1587,1
ECB_01557,b1588,0
ECB_01558,b1589,2
ECB_01559,b1590,1
ECB_01560,b1591,0
ECB_01561,b1592,0
ECB_01562,b1593,0
ECB_01563,mlc,0
ECB_01564,b1595,1
ECB_01565,b1596,2
ECB_01566,asr,0
ECB_01567,b1598,0
ECB_01568,b1599,0
ECB_01569,b1600,0
ECB_01570,b1601,0
ECB_01571,pntB,0
ECB_01572,pntA,0
ECB_01573,b1604,0
ECB_01574,b1605,1
ECB_01575,b1606,0
ECB_01576,b1607,1
ECB_01577,rstA,0
ECB_01578,rstB,0
ECB_01579,tus,0
ECB_01580,fumC,0
ECB_01581,fumA,0
ECB_01582,manA,0
ECB_01583,b1614,2
ECB_01585,uidB,1
ECB_01586,uidA,1
ECB_01588,hdhA,2
ECB_01589,malI,1
ECB_01590,malX,1
ECB_01591,malY,0
ECB_01592,add,0
ECB_01593,b1624,0
ECB_01595,b1625,0
ECB_01596,b1626,0
ECB_01597,b1627,0
ECB_01598,b1628,0
ECB_01599,b1629,0
ECB_01600,b1630,1
ECB_01601,b1631,1
ECB_01602,b1632,0
ECB_01603,nth,0
ECB_01604,b1634,0
ECB_01605,gst,1
ECB_01606,b1636,0
ECB_01607,tyrS,0
ECB_01608,pdxH,0
ECB_01609,ydhA,0
ECB_01610,b1640,0
ECB_01611,b1641,0
ECB_01612,b1642,0
ECB_01613,b1643,0
ECB_01614,b1644,1
ECB_01615,b1645,1
ECB_01616,sodC,2
ECB_01617,b1647,0
ECB_01618,b1648,0
ECB_01619,b1649,0
ECB_01620,b1650,1
ECB_01621,b1651,0
ECB_01622,rnt,0
ECB_01623,lhr,3
ECB_01624,ydhD,0
ECB_01625,b1655,0
ECB_01626,sodB,0
ECB_01629,purR,2
ECB_01630,ydhB,0
ECB_01631,ydhC,0
ECB_01632,cfa,0
ECB_01635,b1664,0
ECB_01636,b1667,0
ECB_01637,b1668,1
ECB_01638,b1669,0
ECB_01639,b1670,1
ECB_01640,b1671,1
ECB_01641,b1672,0
ECB_01642,b1673,0
ECB_01643,b1674,0
ECB_01644,b1675,0
ECB_01645,pykF,1
ECB_01646,lpp,0
ECB_01647,b1678,0
ECB_01648,b1679,0
ECB_01649,b1680,0
ECB_01650,b1681,0
ECB_01651,b1682,0
ECB_01652,b1683,1
ECB_01653,b1684,0
ECB_01654,b1685,2
ECB_01655,b1686,0
ECB_01656,b1687,1
ECB_01657,b1688,0
ECB_01658,b1689,0
ECB_01660,b1691,1
ECB_01661,ydiB,0
ECB_01662,aroD,0
ECB_01663,ydiF,0
ECB_01664,b1695,0
ECB_01665,b1696,0
ECB_01666,b1697,1
ECB_01667,b1698,1
ECB_01668,b1699,1
ECB_01669,b1700,0
ECB_01670,ydiD,0
ECB_01671,ppsA,1
ECB_01672,ydiA,0
ECB_01673,aroH,1
ECB_01674,ydiE,0
ECB_01675,b1706,1
ECB_01676,b1707,1
ECB_01677,nlpC,0
ECB_01678,btuD,0
ECB_01679,btuE,0
ECB_01680,btuC,0
ECB_01681,himA,0
ECB_01682,pheT,0
ECB_01683,pheS,0
ECB_01684,pheM,0
ECB_01685,rplT,0
ECB_01686,rpmI,0
ECB_01687,infC,0
ECB_01688,thrS,0
ECB_01691,b1722,0
ECB_01692,pfkB,0
ECB_01693,b1724,0
ECB_01694,b1725,0
ECB_01695,b1726,0
ECB_01696,b1727,0
ECB_01697,b1728,0
ECB_01698,b1729,1
ECB_01699,b1730,0
ECB_01700,b1731,0
ECB_01701,katE,1
ECB_01702,ydjC,0
ECB_01703,celF,0
ECB_01704,celD,1
ECB_01705,celC,0
ECB_01706,celB,0
ECB_01707,celA,0
ECB_01708,osmE,0
ECB_01709,nadE,0
ECB_01710,b1741,0
ECB_01711,b1742,1
ECB_01712,b1743,0
ECB_01713,b1744,0
ECB_01714,b1745,0
ECB_01715,b1746,2
ECB_01716,b1747,0
ECB_01717,b1748,1
ECB_01718,xthA,0
ECB_01719,b1750,0
ECB_01721,b1752,0
ECB_01722,b1753,1
ECB_01723,b1754,0
ECB_01724,b1755,1
ECB_01725,b1756,0
ECB_01726,b1757,2
ECB_01727,b1758,0
ECB_01728,b1759,0
ECB_01729,b1760,0
ECB_01730,gdhA,0
ECB_01731,b1762,0
ECB_01732,topB,1
ECB_01733,selD,1
ECB_01734,ydjA,1
ECB_01735,sppA,2
ECB_01736,ansA,0
ECB_01738,ydjE,0
ECB_01739,b1770,0
ECB_01740,b1771,0
ECB_01741,b1772,0
ECB_01742,b1773,1
ECB_01743,b1774,0
ECB_01744,b1775,1
ECB_01745,b1776,1
ECB_01746,b1777,0
ECB_01747,b1778,0
ECB_01748,gapA,0
ECB_01749,b1780,1
ECB_01750,b1781,0
ECB_01751,b1782,0
ECB_01752,b1783,0
ECB_01753,b1784,0
ECB_01754,b1785,1
ECB_01755,b1786,0
ECB_01756,b1787,0
ECB_01757,b1788,0
ECB_01758,b1789,0
ECB_01759,b1790,0
ECB_01760,b1791,0
ECB_01761,b1792,0
ECB_01762,b1793,0
ECB_01763,b1794,0
ECB_01764,b1795,0
ECB_01765,b1796,0
ECB_01766,b1797,0
ECB_01768,b1798,0
ECB_01769,b1799,0
ECB_01770,b1800,0
ECB_01771,b1801,0
ECB_01772,b1802,0
ECB_01773,b1803,0
ECB_01774,rnd,1
ECB_01775,fadD,0
ECB_01776,b1806,1
ECB_01777,b1807,0
ECB_01778,b1808,2
ECB_01779,b1809,0
ECB_01780,b1810,0
ECB_01781,b1811,0
ECB_01782,pabB,1
ECB_01783,yeaB,0
ECB_01784,sdaA,1
ECB_01785,b1815,0
ECB_01786,b1816,0
ECB_01787,manX,0
ECB_01788,manY,0
ECB_01789,manZ,1
ECB_01790,b1820,0
ECB_01791,b1821,0
ECB_01793,cspC,0
ECB_01794,b1824,0
ECB_01795,b1825,0
ECB_01796,b1826,0
ECB_01798,b1827,0
ECB_01799,b1828,0
ECB_01800,htpX,0
ECB_01801,prc,0
ECB_01803,b1832,0
ECB_01804,b1833,1
ECB_01805,b1834,0
ECB_01806,b1835,1
ECB_01807,b1836,0
ECB_01808,b1837,0
ECB_01809,b1838,0
ECB_01810,b1839,0
ECB_01811,b1840,1
ECB_01812,b1841,0
ECB_01813,holE,0
ECB_01814,b1843,0
ECB_01815,b1844,1
ECB_01816,ptrB,0
ECB_01817,yebE,0
ECB_01818,yebF,0
ECB_01819,yebG,0
ECB_01820,purT,2
ECB_01821,eda,0
ECB_01822,edd,2
ECB_01823,zwf,1
ECB_01824,yebK,0
ECB_01825,pykA,0
ECB_01826,msbB,1
ECB_01827,yebA,0
ECB_01829,b1858,0
ECB_01831,ruvB,0
ECB_01832,ruvA,0
ECB_01833,yebB,1
ECB_01834,ruvC,0
ECB_01835,yebC,1
ECB_01836,ntpA,0
ECB_01837,aspS,1
ECB_01838,yecD,1
ECB_01839,yecE,0
ECB_01840,b1869,0
ECB_01841,b1870,0
ECB_01842,b1871,1
ECB_01844,b1873,1
ECB_01845,cutC,0
ECB_01846,b1875,0
ECB_01847,argS,0
ECB_01848,b1877,0
ECB_01849,b1878,0
ECB_01850,flhA,0
ECB_01851,b1880,2
ECB_01852,cheZ,0
ECB_01853,cheY,0
ECB_01854,cheB,2
ECB_01855,cheR,1
ECB_01856,tap,1
ECB_01857,tar,1
ECB_01858,cheW,1
ECB_01859,cheA,0
ECB_01860,motB,0
ECB_01861,motA,2
ECB_01862,flhC,0
ECB_01863,flhD,0
ECB_01864,yecG,0
ECB_01865,otsA,1
ECB_01866,otsB,1
ECB_01867,araH,2
ECB_01868,araG,3
ECB_01869,araF,0
ECB_01870,yecI,0
ECB_01872,b1904,2
ECB_01873,ftn,0
ECB_01874,yecH,0
ECB_01875,tyrP,0
ECB_01876,yecA,0
ECB_01877,pgsA,0
ECB_01878,uvrC,0
ECB_01879,uvrY,0
ECB_01882,b1967,0
ECB_01883,b1968,0
ECB_01884,b1969,1
ECB_01885,b1970,0
ECB_01886,b1971,0
ECB_01887,b1972,0
ECB_01888,b1973,0
ECB_01889,b1974,0
ECB_01890,b1976,0
ECB_01891,b1978,4
ECB_01893,b1981,0
ECB_01894,amn,1
ECB_01895,b1983,1
ECB_01896,b1985,0
ECB_01897,cbl,0
ECB_01898,nac,0
ECB_01899,erfK,1
ECB_01900,cobT,0
ECB_01901,cobS,1
ECB_01902,cobU,0
ECB_01903,b1995,0
ECB_01910,b2007,0
ECB_01911,yeeA,0
ECB_01912,sbmC,0
ECB_01914,sbcB,0
ECB_01915,yeeD,0
ECB_01916,yeeE,0
ECB_01917,yeeF,1
ECB_01918,b2015,1
ECB_01919,b2016,0
ECB_01920,hisL,0
ECB_01921,hisG,0
ECB_01922,hisD,0
ECB_01923,hisC,2
ECB_01924,hisB,1
ECB_01925,hisH,0
ECB_01926,hisA,0
ECB_01927,hisF,0
ECB_01928,hisI,0
ECB_01929,b2027,0
ECB_01930,b2028,0
ECB_01931,gnd,1
ECB_01945,rfbA,0
ECB_01946,rfbD,0
ECB_01947,rfbB,0
ECB_01948,galF,0
ECB_01949,b2043,0
ECB_01950,b2044,0
ECB_01951,b2045,1
ECB_01952,b2046,0
ECB_01953,b2047,0
ECB_01954,cpsG,1
ECB_01955,cpsB,0
ECB_01960,b2054,0
ECB_01961,b2055,0
ECB_01962,b2056,0
ECB_01963,b2057,0
ECB_01964,wcaB,0
ECB_01965,b2059,0
ECB_01966,b2060,0
ECB_01967,b2061,0
ECB_01968,b2062,0
ECB_01969,b2063,0
ECB_01971,dcd,1
ECB_01972,udk,0
ECB_01973,yegE,2
ECB_01974,alkA,0
ECB_01975,yegD,0
ECB_01976,b2070,1
ECB_01977,b2072,0
ECB_01978,b2073,0
ECB_01979,b2074,1
ECB_01980,b2075,1
ECB_01981,b2076,1
ECB_01982,b2077,1
ECB_01983,baeS,0
ECB_01984,baeR,0
ECB_01985,b2080,0
ECB_01986,b2081,2
ECB_01987,ogrK,0
ECB_01988,b2083,0
ECB_02014,b2085,0
ECB_02015,b2086,1
ECB_02017,gatD,0
ECB_02018,gatC,0
ECB_02019,gatB,0
ECB_02020,gatA,0
ECB_02021,gatZ,0
ECB_02024,gatY,1
ECB_02025,b2097,0
ECB_02026,b2098,0
ECB_02027,b2099,0
ECB_02028,b2100,0
ECB_02029,b2101,0
ECB_02030,b2102,0
ECB_02031,b2103,0
ECB_02032,b2104,1
ECB_02042,yehE,0
ECB_02043,mrp,0
ECB_02044,metG,1
ECB_02046,yehI,1
ECB_02048,yehL,0
ECB_02049,b2120,2
ECB_02050,yehP,0
ECB_02051,yehQ,2
ECB_02052,yehR,1
ECB_02053,yehS,0
ECB_02054,yehT,1
ECB_02055,yehU,1
ECB_02056,yehV,1
ECB_02058,yehW,2
ECB_02059,yehX,0
ECB_02060,yehY,1
ECB_02061,yehZ,0
ECB_02062,bglX,1
ECB_02063,dld,0
ECB_02064,pbpG,1
ECB_02065,yohC,1
ECB_02066,yohD,0
ECB_02067,yohF,0
ECB_02069,yohI,0
ECB_02070,yohJ,0
ECB_02071,yohK,0
ECB_02072,cdd,0
ECB_02073,sanA,1
ECB_02074,b2145,0
ECB_02075,b2146,2
ECB_02076,yeiA,0
ECB_02077,mglC,1
ECB_02078,mglA,0
ECB_02079,mglB,0
ECB_02080,galS,1
ECB_02081,yeiB,3
ECB_02082,folE,1
ECB_02083,yeiG,0
ECB_02084,cirA,1
ECB_02085,lysP,1
ECB_02086,yeiE,1
ECB_02087,yeiH,2
ECB_02088,nfo,1
ECB_02089,yeiI,0
ECB_02090,yeiJ,0
ECB_02092,yeiL,0
ECB_02093,yeiM,1
ECB_02094,yeiN,1
ECB_02095,yeiC,0
ECB_02096,fruA,0
ECB_02097,fruK,0
ECB_02098,fruB,0
ECB_02101,yeiP,0
ECB_02102,yeiQ,0
ECB_02103,yeiR,1
ECB_02104,b2174,0
ECB_02105,b2175,0
ECB_02106,b2176,1
ECB_02107,yejA,0
ECB_02108,yejB,0
ECB_02109,yejE,1
ECB_02110,yejF,1
ECB_02111,yejG,0
ECB_02112,bcr,0
ECB_02114,yejH,0
ECB_02115,rplY,0
ECB_02116,yejK,0
ECB_02117,yejL,0
ECB_02118,yejM,1
ECB_02119,yejO,1
ECB_02120,narP,0
ECB_02121,ccmH,1
ECB_02123,ccmF,1
ECB_02124,ccmE,0
ECB_02125,ccmD,0
ECB_02126,ccmC,0
ECB_02127,ccmB,0
ECB_02128,ccmA,1
ECB_02129,napC,0
ECB_02130,napB,0
ECB_02131,napH,0
ECB_02132,napG,0
ECB_02133,napA,2
ECB_02135,napF,0
ECB_02136,eco,0
ECB_02138,yojI,0
ECB_02139,alkB,0
ECB_02140,ada,0
ECB_02141,yojL,0
ECB_02142,ompC,0
ECB_02145,rcsC,3
ECB_02146,atoS,1
ECB_02147,atoC,1
ECB_02148,atoD,0
ECB_02149,atoA,0
ECB_02151,atoB,1
ECB_02152,b2225,0
ECB_02153,b2226,2
ECB_02154,b2227,1
ECB_02155,b2229,0
ECB_02156,yfaA,1
ECB_02157,gyrA,3
ECB_02158,ubiG,1
ECB_02159,yfaL,1
ECB_02160,nrdA,2
ECB_02161,nrdB,0
ECB_02162,yfaE,0
ECB_02163,inaA,1
ECB_02164,yfaH,0
ECB_02165,glpQ,0
ECB_02166,glpT,1
ECB_02167,glpA,0
ECB_02168,glpB,1
ECB_02169,glpC,1
ECB_02170,b2244,1
ECB_02171,b2245,0
ECB_02172,b2246,1
ECB_02173,b2247,1
ECB_02174,b2248,1
ECB_02175,b2249,1
ECB_02176,b2250,0
ECB_02177,b2251,0
ECB_02178,ais,0
ECB_02179,b2253,0
ECB_02180,b2254,0
ECB_02181,b2255,1
ECB_02182,b2256,1
ECB_02183,b2257,1
ECB_02185,b2258,0
ECB_02186,pmrD,0
ECB_02187,menE,0
ECB_02188,menC,0
ECB_02189,menB,0
ECB_02190,yfbB,0
ECB_02191,menD,1
ECB_02192,menF,1
ECB_02193,b2266,0
ECB_02194,b2267,0
ECB_02195,b2268,1
ECB_02196,b2269,0
ECB_02198,b2272,1
ECB_02201,nuoN,1
ECB_02202,nuoM,0
ECB_02203,nuoL,1
ECB_02204,nuoK,0
ECB_02205,nuoJ,0
ECB_02206,nuoI,0
ECB_02207,nuoH,0
ECB_02208,nuoG,2
ECB_02209,nuoF,0
ECB_02210,nuoE,0
ECB_02211,b2286,1
ECB_02212,nuoB,0
ECB_02213,nuoA,0
ECB_02214,lrhA,0
ECB_02215,b2290,0
ECB_02216,b2291,1
ECB_02217,b2292,2
ECB_02218,b2293,1
ECB_02219,b2294,0
ECB_02220,b2295,0
ECB_02221,ackA,2
ECB_02222,pta,1
ECB_02223,b2298,0
ECB_02224,b2299,1
ECB_02225,b2300,0
ECB_02226,b2301,1
ECB_02227,b2302,1
ECB_02228,b2303,0
ECB_02229,b2304,2
ECB_02230,b2305,0
ECB_02231,hisP,0
ECB_02232,hisM,0
ECB_02233,hisQ,0
ECB_02234,hisJ,0
ECB_02235,argT,1
ECB_02236,ubiX,0
ECB_02237,purF,1
ECB_02238,cvpA,0
ECB_02239,dedD,0
ECB_02240,folC,2
ECB_02241,accD,0
ECB_02242,dedA,0
ECB_02243,truA,0
ECB_02244,usg,1
ECB_02245,pdxB,0
ECB_02247,b2322,1
ECB_02248,fabB,2
ECB_02249,b2324,1
ECB_02250,b2325,0
ECB_02251,b2326,0
ECB_02252,yfcA,1
ECB_02253,mepA,0
ECB_02254,aroC,0
ECB_02255,yfcB,0
ECB_02256,b2331,0
ECB_02257,b2332,1
ECB_02258,b2333,0
ECB_02259,b2334,0
ECB_02260,b2335,0
ECB_02261,b2336,0
ECB_02262,b2337,0
ECB_02263,b2339,0
ECB_02264,b2340,1
ECB_02265,b2341,2
ECB_02266,b2342,1
ECB_02267,b2343,0
ECB_02268,fadL,0
ECB_02272,vacJ,0
ECB_02273,yfdC,0
ECB_02274,dsdC,0
ECB_02275,dsdX,2
ECB_02276,dsdA,1
ECB_02277,emrY,0
ECB_02278,emrK,1
ECB_02279,evgA,0
ECB_02280,evgS,0
ECB_02281,b2371,1
ECB_02282,b2372,0
ECB_02283,b2373,1
ECB_02284,b2374,0
ECB_02285,b2375,1
ECB_02286,b2376,0
ECB_02287,b2377,0
ECB_02288,b2378,0
ECB_02289,b2379,0
ECB_02290,b2380,0
ECB_02291,b2381,0
ECB_02292,b2382,0
ECB_02293,b2383,1
ECB_02294,b2384,0
ECB_02295,b2385,0
ECB_02296,b2386,0
ECB_02297,b2387,0
ECB_02298,glk,0
ECB_02299,b2389,0
ECB_02300,b2390,0
ECB_02301,b2392,1
ECB_02302,nupC,0
ECB_02303,yfeA,0
ECB_02304,yfeC,0
ECB_02305,yfeD,0
ECB_02306,gltX,1
ECB_02308,b2409,0
ECB_02309,yfeH,0
ECB_02312,b2412,0
ECB_02313,cysZ,0
ECB_02314,cysK,0
ECB_02315,ptsH,0
ECB_02316,ptsI,0
ECB_02317,crr,0
ECB_02318,b2418,1
ECB_02319,b2419,0
ECB_02320,b2420,0
ECB_02321,cysM,0
ECB_02322,cysA,0
ECB_02323,cysW,0
ECB_02324,cysU,0
ECB_02325,cysP,1
ECB_02327,b2427,0
ECB_02328,b2428,2
ECB_02329,b2429,1
ECB_02330,b2430,0
ECB_02331,b2431,0
ECB_02332,b2432,0
ECB_02333,b2433,0
ECB_02334,b2434,0
ECB_02335,amiA,1
ECB_02336,hemF,0
ECB_02337,yfeG,0
ECB_02338,b2438,0
ECB_02339,b2439,0
ECB_02340,eutC,0
ECB_02341,eutB,1
ECB_02342,b2451,0
ECB_02343,eutH,1
ECB_02344,eutG,0
ECB_02345,eutJ,0
ECB_02346,eutE,0
ECB_02347,cchB,0
ECB_02348,cchA,0
ECB_02349,eutI,0
ECB_02350,b2459,0
ECB_02351,b2460,0
ECB_02352,b2461,0
ECB_02353,b2462,0
ECB_02354,b2463,1
ECB_02355,b2464,0
ECB_02356,tktB,1
ECB_02357,b2466,1
ECB_02358,yffH,0
ECB_02360,narQ,1
ECB_02361,acrD,0
ECB_02362,yffB,0
ECB_02363,dapE,0
ECB_02365,b2473,0
ECB_02366,b2474,1
ECB_02367,b2475,0
ECB_02368,purC,0
ECB_02369,nlpB,1
ECB_02370,dapA,0
ECB_02371,gcvR,0
ECB_02372,bcp,0
ECB_02374,b2482,0
ECB_02376,b2484,0
ECB_02377,b2485,1
ECB_02378,b2486,2
ECB_02379,b2487,2
ECB_02380,b2488,0
ECB_02381,b2489,0
ECB_02382,b2490,0
ECB_02383,b2491,1
ECB_02384,b2492,0
ECB_02385,b2493,0
ECB_02386,b2494,0
ECB_02387,b2495,0
ECB_02388,b2496,0
ECB_02389,uraA,1
ECB_02390,upp,1
ECB_02391,purM,1
ECB_02392,purN,0
ECB_02393,ppk,2
ECB_02394,ppx,0
ECB_02395,b2503,0
ECB_02396,b2504,0
ECB_02397,b2505,0
ECB_02398,b2506,0
ECB_02399,guaA,1
ECB_02400,guaB,1
ECB_02401,xseA,0
ECB_02402,b2510,1
ECB_02403,b2511,2
ECB_02404,b2512,0
ECB_02405,b2513,0
ECB_02406,hisS,2
ECB_02408,yfgA,0
ECB_02409,yfgB,1
ECB_02410,ndk,0
ECB_02411,b2519,1
ECB_02412,b2520,2
ECB_02413,sseA,0
ECB_02414,sseB,0
ECB_02416,yfhJ,1
ECB_02417,fdx,0
ECB_02418,hscA,3
ECB_02421,b2529,0
ECB_02422,b2530,1
ECB_02423,b2531,0
ECB_02424,b2532,0
ECB_02425,suhB,1
ECB_02426,b2534,0
ECB_02427,csiE,0
ECB_02428,b2536,1
ECB_02429,b2537,0
ECB_02430,b2538,0
ECB_02431,b2539,0
ECB_02432,b2540,0
ECB_02433,b2541,0
ECB_02434,b2542,0
ECB_02435,b2543,1
ECB_02436,b2544,0
ECB_02437,b2545,0
ECB_02438,b2546,0
ECB_02439,b2547,0
ECB_02440,b2548,0
ECB_02441,b2549,1
ECB_02442,b2550,0
ECB_02443,glyA,0
ECB_02444,hmpA,0
ECB_02445,glnB,0
ECB_02446,yfhA,0
ECB_02447,yfhG,0
ECB_02448,b2556,2
ECB_02449,purL,2
ECB_02450,yfhD,0
ECB_02454,yfhB,0
ECB_02455,yfhH,0
ECB_02456,b2562,0
ECB_02457,acpS,0
ECB_02458,pdxJ,0
ECB_02459,recO,1
ECB_02460,era,0
ECB_02462,lepB,0
ECB_02463,lepA,0
ECB_02464,rseC,0
ECB_02465,rseB,0
ECB_02466,rseA,1
ECB_02467,rpoE,0
ECB_02468,nadB,0
ECB_02469,yfiC,0
ECB_02470,srmB,0
ECB_02471,yfiE,0
ECB_02472,yfiK,0
ECB_02473,yfiD,0
ECB_02474,ung,0
ECB_02475,yfiF,2
ECB_02477,b2583,0
ECB_02478,b2584,3
ECB_02479,pssA,1
ECB_02480,yfiM,0
ECB_02481,kgtP,1
ECB_02482,clpB,1
ECB_02483,yfiH,0
ECB_02485,b2595,0
ECB_02486,yfiA,0
ECB_02487,pheL,0
ECB_02488,pheA,0
ECB_02489,tyrA,0
ECB_02490,aroF,0
ECB_02491,yfiL,0
ECB_02492,b2603,0
ECB_02493,yfiN,0
ECB_02494,yfiB,0
ECB_02495,rplS,1
ECB_02496,trmD,1
ECB_02498,rpsP,0
ECB_02499,ffh,1
ECB_02500,b2611,0
ECB_02501,yfjD,0
ECB_02502,grpE,1
ECB_02504,recN,0
ECB_02505,smpA,0
ECB_02506,b2618,0
ECB_02507,b2619,0
ECB_02508,smpB,0
ECB_02515,b2659,0
ECB_02516,ygaF,1
ECB_02517,gabD,0
ECB_02518,gabT,1
ECB_02519,gabP,1
ECB_02520,ygaE,0
ECB_02521,b2665,1
ECB_02522,b2666,0
ECB_02523,b2667,1
ECB_02524,b2668,1
ECB_02525,stpA,0
ECB_02526,b2670,0
ECB_02527,ygaC,0
ECB_02528,b2672,0
ECB_02529,b2673,0
ECB_02530,b2674,0
ECB_02531,nrdE,1
ECB_02532,nrdF,1
ECB_02533,proV,0
ECB_02534,proW,0
ECB_02535,proX,0
ECB_02536,b2680,0
ECB_02537,b2682,0
ECB_02538,ygaH,0
ECB_02539,emrR,0
ECB_02540,emrA,0
ECB_02541,emrB,0
ECB_02542,ygaG,1
ECB_02543,gshA,0
ECB_02544,b2689,0
ECB_02545,b2690,0
ECB_02546,csrA,0
ECB_02547,alaS,3
ECB_02549,recA,0
ECB_02550,ygaD,1
ECB_02551,mltB,0
ECB_02554,srlB,1
ECB_02555,srlD,0
ECB_02556,gutM,0
ECB_02557,srlR,0
ECB_02558,gutQ,0
ECB_02559,ygaA,2
ECB_02560,b2710,1
ECB_02561,ygbD,1
ECB_02562,hypF,0
ECB_02563,hydN,0
ECB_02564,ascG,0
ECB_02565,ascF,1
ECB_02566,ascB,1
ECB_02567,hycI,1
ECB_02568,hycH,0
ECB_02569,hycG,1
ECB_02570,hycF,0
ECB_02571,hycE,0
ECB_02572,hycD,0
ECB_02573,hycC,1
ECB_02574,hycB,0
ECB_02575,hycA,0
ECB_02576,hypA,0
ECB_02577,hypB,0
ECB_02578,hypC,0
ECB_02579,hypD,0
ECB_02580,hypE,0
ECB_02581,fhlA,1
ECB_02582,ygbA,0
ECB_02583,mutS,1
ECB_02584,b2734,0
ECB_02585,b2735,0
ECB_02586,b2736,1
ECB_02587,b2737,0
ECB_02588,b2738,0
ECB_02589,b2739,0
ECB_02590,b2740,1
ECB_02591,rpoS,0
ECB_02592,nlpD,1
ECB_02593,pcm,0
ECB_02594,surE,0
ECB_02595,b2745,1
ECB_02597,b2747,2
ECB_02598,b2748,0
ECB_02599,ygbE,0
ECB_02600,cysC,1
ECB_02601,cysN,1
ECB_02602,cysD,0
ECB_02603,iap,1
ECB_02607,cysH,0
ECB_02608,cysI,0
ECB_02609,cysJ,1
ECB_02610,b2765,0
ECB_02611,b2766,1
ECB_02612,b2767,1
ECB_02613,b2768,0
ECB_02614,b2769,1
ECB_02615,b2770,0
ECB_02616,b2771,0
ECB_02618,b2774,1
ECB_02619,b2775,1
ECB_02620,ygcE,0
ECB_02622,b2777,1
ECB_02623,b2778,1
ECB_02624,eno,0
ECB_02625,pyrG,1
ECB_02626,mazG,0
ECB_02627,chpA,2
ECB_02628,chpR,0
ECB_02629,relA,1
ECB_02631,barA,0
ECB_02632,b2787,1
ECB_02633,b2788,1
ECB_02634,b2789,0
ECB_02635,b2790,0
ECB_02636,b2791,1
ECB_02637,b2792,0
ECB_02638,syd,0
ECB_02639,b2794,1
ECB_02640,ygdH,0
ECB_02641,sdaC,0
ECB_02642,sdaB,0
ECB_02644,fucO,0
ECB_02645,fucA,0
ECB_02653,fucI,0
ECB_02654,fucK,0
ECB_02655,fucU,0
ECB_02656,fucR,0
ECB_02657,ygdE,0
ECB_02658,ygdD,0
ECB_02659,gcvA,0
ECB_02660,b2809,0
ECB_02661,b2810,0
ECB_02662,b2811,0
ECB_02663,b2812,0
ECB_02664,mltA,0
ECB_02665,b2817,1
ECB_02666,argA,1
ECB_02667,recD,2
ECB_02668,recB,1
ECB_02669,ptr,1
ECB_02670,recC,1
ECB_02671,ppdC,0
ECB_02672,ygdB,0
ECB_02673,ppdB,0
ECB_02674,ppdA,0
ECB_02675,thyA,0
ECB_02676,lgt,0
ECB_02677,ptsP,0
ECB_02678,b2830,0
ECB_02679,mutH,1
ECB_02680,b2832,0
ECB_02681,b2833,0
ECB_02682,b2834,0
ECB_02683,ygeD,0
ECB_02684,aas,0
ECB_02685,galR,1
ECB_02686,lysA,2
ECB_02687,lysR,1
ECB_02688,ygeA,0
ECB_02689,araE,0
ECB_02690,kduD,0
ECB_02691,kduI,0
ECB_02692,b2844,2
ECB_02693,b2845,0
ECB_02694,b2846,0
ECB_02697,b2863,0
ECB_02698,b2865,1
ECB_02699,b2866,0
ECB_02700,b2867,0
ECB_02701,b2868,0
ECB_02702,b2869,0
ECB_02703,b2870,2
ECB_02704,b2871,1
ECB_02705,b2872,2
ECB_02706,b2873,0
ECB_02707,b2874,0
ECB_02708,b2875,0
ECB_02709,b2876,0
ECB_02710,b2877,0
ECB_02711,b2878,1
ECB_02712,b2879,1
ECB_02713,b2880,0
ECB_02714,b2881,0
ECB_02715,b2882,0
ECB_02716,b2883,0
ECB_02718,b2886,0
ECB_02719,b2887,0
ECB_02720,b2888,0
ECB_02721,b2889,1
ECB_02722,lysS,0
ECB_02723,prfB,0
ECB_02724,recJ,1
ECB_02725,dsbC,0
ECB_02726,xerD,2
ECB_02727,fldB,0
ECB_02728,b2896,0
ECB_02729,b2897,0
ECB_02730,b2898,0
ECB_02731,b2899,0
ECB_02732,b2900,0
ECB_02733,bglA,0
ECB_02734,ygfF,0
ECB_02735,gcvP,2
ECB_02736,gcvH,0
ECB_02737,gcvT,1
ECB_02738,visC,0
ECB_02739,ubiH,0
ECB_02740,pepP,1
ECB_02741,ygfB,0
ECB_02742,ygfE,0
ECB_02743,ygfA,0
ECB_02744,serA,1
ECB_02745,rpiA,1
ECB_02746,b2915,0
ECB_02747,iciA,0
ECB_02748,sbm,0
ECB_02750,b2919,1
ECB_02751,b2920,1
ECB_02752,b2921,1
ECB_02753,yggE,0
ECB_02754,yggA,0
ECB_02755,yggB,0
ECB_02757,pgk,0
ECB_02758,epd,0
ECB_02759,yggC,1
ECB_02760,yggD,0
ECB_02761,yggF,1
ECB_02763,cmtA,1
ECB_02764,cmtB,0
ECB_02765,tktA,0
ECB_02766,yggG,0
ECB_02767,speB,0
ECB_02768,speA,0
ECB_02769,yqgB,0
ECB_02770,yqgC,0
ECB_02771,yqgD,0
ECB_02772,metK,0
ECB_02773,galP,1
ECB_02774,sprT,0
ECB_02775,endA,1
ECB_02776,yggJ,0
ECB_02777,gshB,0
ECB_02778,b2948,0
ECB_02779,b2949,0
ECB_02780,b2950,0
ECB_02781,b2951,1
ECB_02782,b2952,0
ECB_02783,b2953,0
ECB_02784,b2954,0
ECB_02785,b2955,1
ECB_02786,yggM,0
ECB_02787,ansB,0
ECB_02788,yggN,0
ECB_02789,yggL,0
ECB_02790,yggH,0
ECB_02791,mutY,0
ECB_02792,b2962,0
ECB_02794,nupG,0
ECB_02795,speC,0
ECB_02796,b2966,0
ECB_02799,b1999,0
ECB_02800,b2000,0
ECB_02801,b2001,2
ECB_02803,yafZ,1
ECB_02805,b2002,0
ECB_02806,b2003,0
ECB_02807,b2004,0
ECB_02808,b2005,0
ECB_02809,b2006,1
ECB_02829,b2968,0
ECB_02830,b2969,0
ECB_02839,b2970,0
ECB_02840,b2971,0
ECB_02841,b2972,0
ECB_02843,b2975,0
ECB_02844,glcB,0
ECB_02845,glcG,0
ECB_02848,glcD,1
ECB_02849,glcC,0
ECB_02850,b2981,0
ECB_02859,b2983,0
ECB_02860,b2984,0
ECB_02861,b2985,0
ECB_02862,b2986,0
ECB_02863,pitB,1
ECB_02865,b2989,0
ECB_02866,hybG,0
ECB_02867,hybF,0
ECB_02868,hybE,0
ECB_02869,hybD,0
ECB_02870,hybC,1
ECB_02871,hybB,0
ECB_02872,hybA,1
ECB_02874,b2998,0
ECB_02875,b2999,0
ECB_02876,b3001,0
ECB_02877,b3002,0
ECB_02878,b3003,1
ECB_02879,exbD,0
ECB_02880,exbB,0
ECB_02881,metC,0
ECB_02882,yghB,0
ECB_02883,b3010,0
ECB_02884,b3011,0
ECB_02885,b3012,0
ECB_02886,b3013,0
ECB_02887,b3014,0
ECB_02889,sufI,0
ECB_02890,plsC,0
ECB_02891,parC,1
ECB_02892,b3020,0
ECB_02893,b3021,0
ECB_02894,b3022,0
ECB_02895,b3023,0
ECB_02896,b3024,1
ECB_02897,b3025,0
ECB_02898,b3026,0
ECB_02899,b3027,1
ECB_02900,mdaB,0
ECB_02901,ygiN,1
ECB_02902,parE,0
ECB_02903,yqiA,0
ECB_02905,yqiB,0
ECB_02906,b3034,0
ECB_02907,tolC,0
ECB_02908,ygiA,0
ECB_02909,ygiB,1
ECB_02910,ygiC,0
ECB_02911,ygiD,0
ECB_02912,ygiE,1
ECB_02913,ribB,0
ECB_02914,b3042,0
ECB_02915,ygiL,1
ECB_02916,b3046,0
ECB_02917,b3047,0
ECB_02918,b3048,1
ECB_02919,glgS,0
ECB_02920,b3050,0
ECB_02921,b3051,0
ECB_02922,b3052,2
ECB_02923,glnE,1
ECB_02924,ygiF,0
ECB_02925,ygiM,0
ECB_02926,cca,1
ECB_02928,ygiG,0
ECB_02929,ygiH,0
ECB_02930,b3060,1
ECB_02931,ttdA,0
ECB_02932,ttdB,0
ECB_02933,ygjE,1
ECB_02934,ygjD,1
ECB_02935,rpsU,0
ECB_02936,dnaG,1
ECB_02937,rpoD,0
ECB_02938,b3068,0
ECB_02939,b3070,0
ECB_02940,b3071,0
ECB_02942,ygjG,1
ECB_02943,ygjH,1
ECB_02944,ebgR,1
ECB_02945,ebgA,2
ECB_02946,ebgC,0
ECB_02947,ygjI,1
ECB_02948,ygjJ,0
ECB_02949,ygjK,1
ECB_02951,ygjM,0
ECB_02952,ygjN,0
ECB_02953,ygjO,1
ECB_02954,ygjP,0
ECB_02955,ygjQ,0
ECB_02956,ygjR,0
ECB_02957,ygjT,0
ECB_02958,ygjU,0
ECB_02959,ygjV,1
ECB_02960,uxaA,0
ECB_02961,uxaC,0
ECB_02962,exuT,1
ECB_02963,exuR,0
ECB_02964,b3095,0
ECB_02965,yqjB,0
ECB_02966,yqjC,0
ECB_02967,yqjD,0
ECB_02968,yqjE,0
ECB_02969,b3100,0
ECB_02970,yqjF,0
ECB_02971,yqjG,0
ECB_02972,yhaH,0
ECB_02973,yhaI,0
ECB_02974,yhaJ,0
ECB_02975,yhaK,2
ECB_02976,yhaL,0
ECB_02977,yhaM,0
ECB_02978,yhaO,0
ECB_02983,tdcC,1
ECB_02984,tdcB,1
ECB_02985,tdcA,0
ECB_02986,tdcR,0
ECB_02987,yhaB,0
ECB_02988,yhaC,0
ECB_02994,sohA,2
ECB_02995,yhaV,0
ECB_02996,agaR,0
ECB_02997,agaZ,1
ECB_02998,agaV,0
ECB_02999,agaW,0
ECB_03002,agaA,0
ECB_03003,agaS,0
ECB_03004,agaY,0
ECB_03005,agaB,0
ECB_03006,agaC,0
ECB_03007,agaD,0
ECB_03008,agaI,0
ECB_03009,yraH,0
ECB_03010,yraI,0
ECB_03011,yraJ,0
ECB_03012,yraK,0
ECB_03013,yraL,0
ECB_03014,yraM,1
ECB_03015,yraN,0
ECB_03016,yraO,0
ECB_03017,yraP,1
ECB_03018,yraQ,1
ECB_03019,yraR,0
ECB_03020,yhbO,0
ECB_03021,yhbP,0
ECB_03022,yhbQ,0
ECB_03023,b3156,0
ECB_03024,yhbT,0
ECB_03025,yhbU,1
ECB_03026,yhbV,0
ECB_03027,yhbW,2
ECB_03028,mtr,1
ECB_03029,deaD,1
ECB_03031,pnp,1
ECB_03032,rpsO,0
ECB_03033,truB,0
ECB_03034,rbfA,1
ECB_03035,infB,1
ECB_03036,nusA,0
ECB_03037,yhbC,0
ECB_03038,argG,0
ECB_03039,yhbX,0
ECB_03040,secG,0
ECB_03042,folP,1
ECB_03043,hflB,1
ECB_03045,yhbY,0
ECB_03046,greA,0
ECB_03047,dacB,0
ECB_03048,yhbZ,0
ECB_03049,yhbE,0
ECB_03050,rpmA,0
ECB_03051,rplU,0
ECB_03052,ispB,0
ECB_03053,nlp,0
ECB_03054,murA,1
ECB_03055,yrbA,1
ECB_03056,yrbB,0
ECB_03057,yrbC,0
ECB_03058,b3193,0
ECB_03059,yrbE,0
ECB_03060,b3195,0
ECB_03061,yrbG,0
ECB_03062,yrbH,1
ECB_03063,yrbI,1
ECB_03064,yrbK,0
ECB_03065,yhbN,0
ECB_03066,yhbG,0
ECB_03067,rpoN,0
ECB_03068,yhbH,0
ECB_03069,ptsN,0
ECB_03070,b3205,0
ECB_03071,ptsO,0
ECB_03072,b3207,1
ECB_03074,yhbL,0
ECB_03075,arcB,1
ECB_03076,yhcC,1
ECB_03077,gltB,0
ECB_03078,gltD,0
ECB_03079,yhcG,0
ECB_03081,b3221,0
ECB_03083,b3223,0
ECB_03084,nanT,0
ECB_03085,nanA,0
ECB_03086,b3226,1
ECB_03088,sspB,0
ECB_03089,sspA,2
ECB_03090,rpsI,0
ECB_03091,rplM,0
ECB_03092,yhcM,0
ECB_03093,yhcB,1
ECB_03096,mdh,1
ECB_03097,argR,0
ECB_03098,b3238,0
ECB_03099,b3239,0
ECB_03100,yhcP,1
ECB_03101,yhcQ,0
ECB_03102,b3242,0
ECB_03103,b3243,1
ECB_03104,tldD,1
ECB_03108,mreD,2
ECB_03109,mreC,0
ECB_03110,mreB,1
ECB_03111,yhdA,0
ECB_03112,yhdH,0
ECB_03113,accB,0
ECB_03114,accC,0
ECB_03115,yhdT,0
ECB_03116,panF,1
ECB_03117,prmA,1
ECB_03118,yhdG,2
ECB_03119,fis,0
ECB_03120,yhdJ,0
ECB_03121,b3263,0
ECB_03122,envR,0
ECB_03123,acrE,0
ECB_03124,acrF,2
ECB_03125,yhdV,0
ECB_03126,yhdW,0
ECB_03127,yhdX,0
ECB_03128,yhdY,1
ECB_03129,yhdZ,0
ECB_03130,b3279,0
ECB_03131,yrdB,0
ECB_03132,aroE,1
ECB_03133,yrdC,1
ECB_03134,yrdD,1
ECB_03135,smg,0
ECB_03137,def,0
ECB_03138,fmt,1
ECB_03140,trkA,1
ECB_03141,mscL,0
ECB_03144,yhdN,0
ECB_03145,rplQ,0
ECB_03146,rpoA,0
ECB_03147,rpsD,1
ECB_03148,rpsK,0
ECB_03149,rpsM,0
ECB_03150,rpmJ,0
ECB_03151,prlA,1
ECB_03152,rplO,0
ECB_03153,rpmD,0
ECB_03154,rpsE,0
ECB_03155,rplR,0
ECB_03156,rplF,0
ECB_03157,rpsH,0
ECB_03158,rpsN,0
ECB_03159,rplE,0
ECB_03160,rplX,0
ECB_03161,rplN,0
ECB_03162,rpsQ,0
ECB_03163,rpmC,0
ECB_03164,rplP,0
ECB_03165,rpsC,0
ECB_03166,rplV,0
ECB_03167,rpsS,0
ECB_03168,rplB,1
ECB_03169,rplW,0
ECB_03170,rplD,0
ECB_03171,rplC,0
ECB_03172,rpsJ,0
ECB_03187,bfr,0
ECB_03191,fusA,1
ECB_03192,rpsG,0
ECB_03193,rpsL,0
ECB_03194,yheL,0
ECB_03195,b3344,0
ECB_03196,yheN,0
ECB_03197,b3346,0
ECB_03198,fkpA,0
ECB_03199,slyX,0
ECB_03200,slyD,0
ECB_03201,kefB,1
ECB_03202,yheR,0
ECB_03203,yheS,2
ECB_03204,yheT,1
ECB_03205,yheU,0
ECB_03206,prkB,1
ECB_03207,b3356,0
ECB_03208,crp,1
ECB_03209,yhfK,3
ECB_03210,argD,0
ECB_03211,pabA,0
ECB_03212,fic,0
ECB_03213,yhfG,0
ECB_03214,ppiA,0
ECB_03215,yhfC,1
ECB_03216,nirB,0
ECB_03217,nirD,0
ECB_03218,nirC,0
ECB_03219,cysG,0
ECB_03220,yhfL,1
ECB_03221,yhfM,0
ECB_03222,yhfN,0
ECB_03224,yhfQ,0
ECB_03225,yhfR,1
ECB_03226,yhfS,0
ECB_03229,yhfT,0
ECB_03230,yhfU,0
ECB_03231,yhfV,0
ECB_03232,yhfW,0
ECB_03233,yhfX,0
ECB_03234,yhfY,0
ECB_03235,yhfZ,0
ECB_03236,trpS,0
ECB_03237,gph,0
ECB_03238,rpe,0
ECB_03239,dam,0
ECB_03240,damX,1
ECB_03241,aroB,0
ECB_03242,aroK,0
ECB_03243,hofQ,0
ECB_03244,yrfA,0
ECB_03245,yrfB,0
ECB_03246,yrfC,0
ECB_03247,yrfD,1
ECB_03248,mrcA,0
ECB_03249,yrfE,0
ECB_03250,yrfF,0
ECB_03251,yrfG,0
ECB_03254,yhgE,1
ECB_03255,pckA,2
ECB_03256,envZ,0
ECB_03257,ompR,0
ECB_03258,greB,0
ECB_03259,yhgF,0
ECB_03260,feoA,0
ECB_03261,feoB,1
ECB_03262,yhgG,0
ECB_03263,yhgA,1
ECB_03264,bioH,0
ECB_03265,yhgH,1
ECB_03266,yhgI,0
ECB_03267,gntT,1
ECB_03268,malQ,2
ECB_03269,malP,0
ECB_03270,malT,2
ECB_03274,glpR,0
ECB_03275,glpG,2
ECB_03276,glpE,0
ECB_03277,glpD,1
ECB_03278,yzgL,0
ECB_03280,glgP,2
ECB_03281,glgA,1
ECB_03282,glgC,0
ECB_03283,glgX,1
ECB_03284,glgB,0
ECB_03285,asd,0
ECB_03286,b3434,0
ECB_03288,gntK,0
ECB_03289,gntR,0
ECB_03290,yhhW,0
ECB_03291,yhhX,1
ECB_03292,b3441,0
ECB_03293,yhhZ,0
ECB_03294,b3443,0
ECB_03295,yrhB,0
ECB_03296,ggt,0
ECB_03297,yhhA,0
ECB_03298,ugpQ,0
ECB_03299,ugpC,0
ECB_03300,ugpE,1
ECB_03301,ugpA,0
ECB_03302,ugpB,0
ECB_03303,livF,0
ECB_03304,livG,0
ECB_03305,livM,0
ECB_03306,livH,0
ECB_03307,livK,0
ECB_03308,yhhK,1
ECB_03309,livJ,1
ECB_03310,rpoH,0
ECB_03311,ftsX,0
ECB_03312,ftsE,0
ECB_03313,ftsY,0
ECB_03314,yhhF,0
ECB_03315,b3466,0
ECB_03316,yhhM,0
ECB_03317,b3468,1
ECB_03318,b3469,0
ECB_03320,yhhQ,0
ECB_03321,b3472,1
ECB_03322,yhhS,0
ECB_03323,yhhT,1
ECB_03325,nikA,0
ECB_03326,nikB,0
ECB_03327,nikC,0
ECB_03328,nikD,0
ECB_03329,nikE,0
ECB_03331,rhsB,0
ECB_03332,yhhH,1
ECB_03335,yhhJ,0
ECB_03336,b3486,0
ECB_03337,yhiI,0
ECB_03338,yhiJ,0
ECB_03340,yhiM,1
ECB_03341,yhiN,0
ECB_03342,pitA,0
ECB_03343,yhiO,0
ECB_03344,uspA,0
ECB_03345,yhiP,0
ECB_03346,yhiQ,2
ECB_03347,prlC,1
ECB_03348,yhiR,0
ECB_03349,gor,0
ECB_03350,arsR,0
ECB_03351,arsB,2
ECB_03352,arsC,0
ECB_03353,yhiS,0
ECB_03354,slp,0
ECB_03355,yhiF,0
ECB_03356,yhiD,1
ECB_03357,hdeB,0
ECB_03358,hdeA,0
ECB_03359,hdeD,0
ECB_03360,yhiE,0
ECB_03361,yhiU,1
ECB_03362,yhiV,0
ECB_03363,b3515,2
ECB_03365,gadA,1
ECB_03366,yhjA,1
ECB_03367,treF,0
ECB_03368,yhjB,0
ECB_03369,yhjC,0
ECB_03370,yhjD,0
ECB_03371,yhjE,0
ECB_03372,b3524,0
ECB_03373,yhjH,0
ECB_03374,kdgK,0
ECB_03375,yhjJ,2
ECB_03376,dctA,1
ECB_03377,yhjK,1
ECB_03380,yhjN,0
ECB_03381,b3533,1
ECB_03382,b3534,0
ECB_03383,b3535,0
ECB_03384,yhjS,0
ECB_03385,b3537,0
ECB_03386,yhjU,0
ECB_03390,yhjV,0
ECB_03391,dppF,0
ECB_03392,dppD,0
ECB_03393,dppC,1
ECB_03394,dppB,0
ECB_03395,dppA,0
ECB_03396,yhjW,2
ECB_03397,yhjX,1
ECB_03398,yhjY,0
ECB_03399,tag,0
ECB_03400,yiaC,0
ECB_03401,bisC,1
ECB_03402,yiaD,0
ECB_03404,yiaF,1
ECB_03405,yiaG,0
ECB_03406,cspA,0
ECB_03410,glyS,0
ECB_03411,glyQ,0
ECB_03413,yiaH,0
ECB_03414,yiaA,0
ECB_03415,yiaB,0
ECB_03416,xylB,0
ECB_03417,xylA,0
ECB_03418,xylF,0
ECB_03419,xylG,0
ECB_03420,xylH,0
ECB_03421,xylR,0
ECB_03422,b3570,0
ECB_03423,malS,1
ECB_03424,avtA,0
ECB_03425,b3573,0
ECB_03426,yiaJ,0
ECB_03427,b3575,0
ECB_03428,yiaL,0
ECB_03429,yiaM,0
ECB_03430,yiaN,1
ECB_03431,yiaO,0
ECB_03432,lyxK,3
ECB_03439,yiaT,1
ECB_03440,yiaU,0
ECB_03441,yiaV,0
ECB_03442,yiaW,0
ECB_03443,aldB,0
ECB_03444,yiaY,0
ECB_03445,selB,0
ECB_03446,selA,0
ECB_03447,b3592,0
ECB_03448,rhsA,0
ECB_03449,yibA,0
ECB_03450,yibJ,0
ECB_03451,yibG,0
ECB_03452,yibH,0
ECB_03453,yibI,0
ECB_03454,mtlA,1
ECB_03455,mtlD,0
ECB_03456,mtlR,0
ECB_03458,yibL,0
ECB_03461,lldP,1
ECB_03464,yibK,0
ECB_03465,cysE,0
ECB_03466,gpsA,0
ECB_03467,secB,0
ECB_03468,grxC,0
ECB_03469,yibN,0
ECB_03470,yibO,0
ECB_03471,yibP,0
ECB_03472,yibQ,0
ECB_03473,yibD,0
ECB_03474,tdh,1
ECB_03475,kbl,1
ECB_03492,mutM,1
ECB_03493,rpmG,0
ECB_03494,rpmB,0
ECB_03495,radC,0
ECB_03496,dfp,0
ECB_03497,dut,0
ECB_03499,pyrE,0
ECB_03500,rph,1
ECB_03501,yicC,1
ECB_03502,dinD,0
ECB_03503,yicG,0
ECB_03504,yicF,1
ECB_03505,gmk,0
ECB_03506,rpoZ,0
ECB_03507,spoT,2
ECB_03509,recG,2
ECB_03511,gltS,0
ECB_03512,yicE,0
ECB_03513,yicH,1
ECB_03514,yicI,1
ECB_03515,yicJ,0
ECB_03542,yicK,0
ECB_03543,yicL,0
ECB_03544,nlpA,0
ECB_03546,yicM,0
ECB_03547,yicN,0
ECB_03548,yicO,0
ECB_03550,uhpT,1
ECB_03551,uhpC,0
ECB_03552,uhpB,1
ECB_03553,uhpA,0
ECB_03554,ilvN,0
ECB_03555,ilvB,1
ECB_03556,b3672,0
ECB_03557,emrD,0
ECB_03558,yidF,1
ECB_03559,yidG,0
ECB_03560,yidH,0
ECB_03562,yidJ,0
ECB_03563,yidK,0
ECB_03564,b3680,0
ECB_03565,glvG,1
ECB_03567,yidP,0
ECB_03568,yidE,1
ECB_03572,yidR,0
ECB_03573,yidS,0
ECB_03579,yidX,0
ECB_03580,yidA,1
ECB_03581,b3698,0
ECB_03582,gyrB,1
ECB_03583,recF,3
ECB_03584,dnaN,0
ECB_03585,dnaA,2
ECB_03586,rpmH,0
ECB_03587,rnpA,0
ECB_03589,yidC,3
ECB_03591,tnaL,0
ECB_03592,tnaA,0
ECB_03593,tnaB,0
ECB_03594,yidY,0
ECB_03595,yidZ,0
ECB_03596,yieE,0
ECB_03597,b3713,1
ECB_03598,yieG,0
ECB_03599,b3715,1
ECB_03600,yieI,0
ECB_03601,yieJ,0
ECB_03602,yieK,0
ECB_03603,yieL,0
ECB_03604,yieC,1
ECB_03605,bglB,0
ECB_03606,bglF,1
ECB_03607,bglG,0
ECB_03608,phoU,1
ECB_03609,pstB,0
ECB_03610,pstA,0
ECB_03611,pstC,1
ECB_03612,pstS,0
ECB_03613,glmS,1
ECB_03614,glmU,1
ECB_03615,atpC,0
ECB_03616,atpD,0
ECB_03617,atpG,0
ECB_03618,atpA,0
ECB_03619,atpH,0
ECB_03620,atpF,0
ECB_03621,atpE,0
ECB_03622,atpB,0
ECB_03623,atpI,0
ECB_03624,gidB,0
ECB_03625,gidA,2
ECB_03626,mioC,1
ECB_03627,asnC,0
ECB_03628,asnA,0
ECB_03629,b3745,0
ECB_03630,yieN,2
ECB_03631,kup,1
ECB_03634,rbsD,0
ECB_03635,rbsA,0
ECB_03636,rbsC,0
ECB_03637,rbsB,0
ECB_03638,rbsK,0
ECB_03639,rbsR,0
ECB_03640,yieO,2
ECB_03641,yieP,0
ECB_03643,yifE,0
ECB_03644,yifB,0
ECB_03645,ilvL,1
ECB_03647,ilvM,0
ECB_03648,ilvE,1
ECB_03649,ilvD,1
ECB_03650,ilvA,1
ECB_03651,ilvY,0
ECB_03652,ilvC,2
ECB_03653,ppiC,1
ECB_03654,b3776,0
ECB_03655,b3777,0
ECB_03656,rep,0
ECB_03657,gppA,0
ECB_03658,rhlB,1
ECB_03659,trxA,0
ECB_03660,rhoL,0
ECB_03661,rho,0
ECB_03662,rfe,0
ECB_03663,b3785,0
ECB_03666,rffG,1
ECB_03667,rffH,0
ECB_03671,rffT,0
ECB_03674,yifK,1
ECB_03675,aslB,1
ECB_03676,aslA,0
ECB_03677,hemY,0
ECB_03678,hemX,1
ECB_03679,hemD,0
ECB_03680,hemC,0
ECB_03681,cyaA,1
ECB_03682,cyaY,0
ECB_03685,dapF,1
ECB_03686,yigA,0
ECB_03687,xerC,0
ECB_03688,yigB,0
ECB_03689,uvrD,0
ECB_03691,yigE,1
ECB_03692,corA,0
ECB_03696,yigF,1
ECB_03697,yigG,0
ECB_03698,rarD,0
ECB_03699,yigI,0
ECB_03700,pldA,0
ECB_03701,recQ,0
ECB_03704,pldB,0
ECB_03705,yigL,0
ECB_03706,yigM,0
ECB_03707,metR,1
ECB_03708,metE,0
ECB_03717,b3830,1
ECB_03718,udp,0
ECB_03725,yigN,0
ECB_03727,yigP,0
ECB_03728,b3835,1
ECB_03729,b3836,0
ECB_03730,b3838,0
ECB_03733,rfaH,0
ECB_03736,fadA,0
ECB_03737,fadB,0
ECB_03738,pepQ,1
ECB_03739,yigZ,0
ECB_03740,trkH,1
ECB_03741,b3850,0
ECB_03742,b3856,0
ECB_03743,mobA,0
ECB_03744,yihD,0
ECB_03745,yihE,0
ECB_03746,dsbA,0
ECB_03747,yihF,0
ECB_03748,yihG,0
ECB_03749,polA,1
ECB_03750,b3865,0
ECB_03751,yihI,0
ECB_03752,hemN,0
ECB_03753,glnG,1
ECB_03754,glnL,0
ECB_03755,glnA,0
ECB_03757,b3872,0
ECB_03758,yihM,0
ECB_03759,yihN,0
ECB_03760,b3875,0
ECB_03761,b3876,1
ECB_03762,yihP,1
ECB_03763,yihQ,0
ECB_03764,yihR,0
ECB_03765,yihS,0
ECB_03766,yihT,0
ECB_03767,yihU,0
ECB_03768,yihV,0
ECB_03769,yihW,0
ECB_03770,yihX,0
ECB_03773,yiiD,0
ECB_03774,yiiE,0
ECB_03775,yiiF,0
ECB_03776,fdhE,0
ECB_03777,fdoI,0
ECB_03778,fdoH,0
ECB_03779,fdoG,0
ECB_03780,fdhD,0
ECB_03781,yiiG,0
ECB_03782,frvR,0
ECB_03783,frvX,0
ECB_03784,frvB,0
ECB_03785,frvA,1
ECB_03787,yiiL,0
ECB_03788,rhaD,0
ECB_03789,rhaA,0
ECB_03790,rhaB,0
ECB_03791,rhaS,0
ECB_03792,rhaR,0
ECB_03793,rhaT,1
ECB_03794,sodA,0
ECB_03795,kdgT,0
ECB_03796,yiiM,0
ECB_03797,cpxA,0
ECB_03798,cpxR,0
ECB_03801,pfkA,0
ECB_03802,sbp,1
ECB_03803,cdh,0
ECB_03804,tpiA,0
ECB_03805,yiiQ,0
ECB_03806,yiiR,0
ECB_03807,yiiS,0
ECB_03808,yiiT,0
ECB_03809,fpr,0
ECB_03810,glpX,0
ECB_03811,glpK,0
ECB_03812,glpF,0
ECB_03813,yiiU,0
ECB_03814,menG,1
ECB_03815,menA,0
ECB_03816,hslU,0
ECB_03817,hslV,0
ECB_03818,ftsN,2
ECB_03819,cytR,1
ECB_03820,priA,1
ECB_03821,rpmE,0
ECB_03823,yiiX,1
ECB_03824,metJ,0
ECB_03825,metB,1
ECB_03826,metL,0
ECB_03827,metF,0
ECB_03828,katG,0
ECB_03829,yijE,0
ECB_03830,yijF,0
ECB_03831,gldA,0
ECB_03832,talC,0
ECB_03833,ptsA,0
ECB_03834,frwC,0
ECB_03835,frwB,0
ECB_03836,pflD,0
ECB_03837,pflC,0
ECB_03838,frwD,0
ECB_03839,yijO,0
ECB_03840,yijP,0
ECB_03841,ppc,1
ECB_03842,argE,0
ECB_03843,argC,0
ECB_03844,argB,0
ECB_03845,argH,1
ECB_03846,oxyR,0
ECB_03847,udhA,0
ECB_03848,yijC,0
ECB_03849,yijD,0
ECB_03850,trmA,0
ECB_03851,btuB,0
ECB_03852,murI,0
ECB_03853,murB,0
ECB_03854,birA,0
ECB_03855,coaA,0
ECB_03857,secE,0
ECB_03858,nusG,0
ECB_03859,rplK,0
ECB_03860,rplA,0
ECB_03861,rplJ,0
ECB_03862,rplL,0
ECB_03863,rpoB,2
ECB_03864,rpoC,1
ECB_03865,htrC,1
ECB_03866,thiH,0
ECB_03867,thiG,0
ECB_03869,thiF,0
ECB_03870,thiE,0
ECB_03871,thiC,0
ECB_03872,b3995,0
ECB_03874,hemE,0
ECB_03876,yjaG,0
ECB_03877,hupA,0
ECB_03878,yjaH,0
ECB_03882,purD,1
ECB_03883,purH,0
ECB_03884,yjaB,0
ECB_03885,metA,0
ECB_03886,aceB,0
ECB_03887,aceA,1
ECB_03888,aceK,0
ECB_03890,iclR,1
ECB_03891,metH,0
ECB_03892,yjbB,1
ECB_03893,pepE,0
ECB_03894,yjbC,0
ECB_03895,yjbD,0
ECB_03896,lysC,1
ECB_03897,pgi,0
ECB_03898,yjbE,0
ECB_03899,yjbF,0
ECB_03900,yjbG,0
ECB_03901,yjbH,0
ECB_03902,yjbA,0
ECB_03903,xylE,0
ECB_03904,malG,0
ECB_03905,malF,0
ECB_03906,malE,0
ECB_03907,malK,0
ECB_03908,lamB,0
ECB_03909,malM,2
ECB_03910,yjbI,0
ECB_03911,ubiC,0
ECB_03912,ubiA,0
ECB_03913,plsB,3
ECB_03914,dgkA,0
ECB_03915,lexA,0
ECB_03916,dinF,1
ECB_03917,b4045,0
ECB_03919,yjbL,0
ECB_03920,yjbM,0
ECB_03921,yjbN,0
ECB_03922,yjbO,0
ECB_03923,qor,0
ECB_03924,dnaB,1
ECB_03926,tyrB,0
ECB_03928,yjbQ,0
ECB_03929,yjbR,0
ECB_03930,uvrA,1
ECB_03931,ssb,0
ECB_03932,yjcB,0
ECB_03933,yjcC,0
ECB_03934,soxS,0
ECB_03935,soxR,0
ECB_03936,yjcD,1
ECB_03937,yjcE,0
ECB_03938,yjcF,0
ECB_03940,yjcH,2
ECB_03941,acs,0
ECB_03942,nrfA,1
ECB_03943,nrfB,0
ECB_03944,nrfC,0
ECB_03945,nrfD,0
ECB_03946,nrfE,2
ECB_03947,nrfF,0
ECB_03948,nrfG,0
ECB_03949,gltP,0
ECB_03950,yjcO,0
ECB_03951,fdhF,0
ECB_03952,yjcP,0
ECB_03953,yjcQ,1
ECB_03954,yjcR,1
ECB_03955,yjcS,0
ECB_03961,rpiR,0
ECB_03962,rpiB,1
ECB_03964,phnP,0
ECB_03965,phnO,0
ECB_03966,phnN,0
ECB_03967,phnM,0
ECB_03968,phnL,0
ECB_03969,phnK,1
ECB_03970,phnJ,2
ECB_03971,phnI,2
ECB_03972,phnH,0
ECB_03973,phnG,0
ECB_03974,phnF,0
ECB_03975,b4103,0
ECB_03976,phnD,1
ECB_03977,phnC,0
ECB_03978,phnB,0
ECB_03979,phnA,0
ECB_03980,yjdA,2
ECB_03981,yjcZ,1
ECB_03982,proP,2
ECB_03983,basS,0
ECB_03984,basR,0
ECB_03985,yjdB,0
ECB_03986,b4115,1
ECB_03987,adiY,0
ECB_03989,melR,0
ECB_03990,melA,0
ECB_03991,melB,0
ECB_03992,yjdF,0
ECB_03993,fumB,0
ECB_03994,dcuB,0
ECB_03997,yjdI,1
ECB_03998,yjdJ,0
ECB_03999,yjdK,0
ECB_04000,lysU,0
ECB_04001,b4130,1
ECB_04002,cadA,1
ECB_04003,cadB,0
ECB_04004,cadC,0
ECB_04005,yjdC,0
ECB_04006,dsbD,0
ECB_04007,cutA,0
ECB_04008,dcuA,0
ECB_04009,aspA,0
ECB_04010,b4140,0
ECB_04011,yjeH,0
ECB_04014,b4144,1
ECB_04015,yjeJ,0
ECB_04016,yjeK,1
ECB_04017,efp,0
ECB_04020,sugE,0
ECB_04021,blc,0
ECB_04022,ampC,0
ECB_04023,frdD,0
ECB_04024,frdC,0
ECB_04025,frdB,0
ECB_04026,frdA,0
ECB_04027,yjeA,0
ECB_04028,yjeM,2
ECB_04029,yjeP,0
ECB_04030,psd,1
ECB_04031,yjeQ,0
ECB_04033,yjeS,1
ECB_04034,yjeF,0
ECB_04035,yjeE,0
ECB_04036,amiB,0
ECB_04037,mutL,1
ECB_04038,miaA,2
ECB_04039,hfq,0
ECB_04040,hflX,0
ECB_04041,hflK,2
ECB_04042,hflC,1
ECB_04043,b4176,0
ECB_04044,purA,0
ECB_04045,yjeB,0
ECB_04047,yjfH,0
ECB_04048,yjfI,1
ECB_04049,yjfJ,0
ECB_04050,yjfK,1
ECB_04051,yjfL,0
ECB_04052,yjfM,0
ECB_04053,yjfC,0
ECB_04054,aidB,0
ECB_04055,yjfN,0
ECB_04056,yjfO,0
ECB_04057,yjfP,0
ECB_04058,yjfQ,1
ECB_04059,yjfR,1
ECB_04062,ptxA,0
ECB_04065,b4198,0
ECB_04066,yjfY,0
ECB_04067,rpsF,0
ECB_04068,priB,0
ECB_04069,rpsR,0
ECB_04070,rplI,0
ECB_04077,ytfA,0
ECB_04078,b4206,0
ECB_04079,fklB,0
ECB_04080,cycA,0
ECB_04081,b4209,0
ECB_04082,ytfF,0
ECB_04083,ytfG,0
ECB_04084,b4212,0
ECB_04085,cpdB,0
ECB_04086,cysQ,1
ECB_04087,ytfJ,0
ECB_04088,ytfK,0
ECB_04089,ytfL,0
ECB_04090,msrA,0
ECB_04091,ytfM,1
ECB_04092,ytfN,1
ECB_04093,ytfP,0
ECB_04095,ppa,0
ECB_04096,ytfQ,0
ECB_04097,ytfR,2
ECB_04098,ytfT,0
ECB_04099,yjfF,0
ECB_04100,fbp,0
ECB_04102,yjgA,0
ECB_04103,pmbA,1
ECB_04104,cybC,0
ECB_04105,nrdG,0
ECB_04106,nrdD,0
ECB_04107,treC,1
ECB_04108,treB,1
ECB_04109,treR,0
ECB_04110,mgtA,0
ECB_04111,yjgF,0
ECB_04112,pyrI,1
ECB_04113,pyrB,1
ECB_04114,pyrL,0
ECB_04115,yjgH,0
ECB_04116,yjgI,0
ECB_04117,b4251,0
ECB_04118,yjgK,0
ECB_04119,yjgL,1
ECB_04120,argI,1
ECB_04121,yjgD,0
ECB_04122,b4256,0
ECB_04123,b4257,0
ECB_04124,valS,4
ECB_04125,holC,0
ECB_04126,pepA,1
ECB_04127,yjgP,0
ECB_04128,yjgQ,1
ECB_04129,yjgR,0
ECB_04135,yjgB,0
ECB_04136,intB,1
ECB_04137,yjgW,0
ECB_04138,yjgX,0
ECB_04139,yjgZ,0
ECB_04141,yjhB,0
ECB_04142,yjhC,0
ECB_04143,yjhD,0
ECB_04144,yjhE,0
ECB_04151,b4285,0
ECB_04152,b4286,1
ECB_04153,fecE,0
ECB_04154,fecD,1
ECB_04155,fecC,1
ECB_04156,fecB,1
ECB_04157,fecA,1
ECB_04158,fecR,1
ECB_04159,fecI,0
ECB_04172,yjhP,0
ECB_04173,yjhQ,0
ECB_04175,yjhR,0
ECB_04176,yjhS,0
ECB_04177,yjhT,0
ECB_04178,yjhA,0
ECB_04179,fimB,0
ECB_04182,fimE,1
ECB_04183,fimA,0
ECB_04184,fimI,0
ECB_04185,fimC,0
ECB_04186,fimD,2
ECB_04187,fimF,0
ECB_04188,fimG,0
ECB_04189,fimH,0
ECB_04190,gntP,0
ECB_04191,uxuA,0
ECB_04192,uxuB,2
ECB_04193,uxuR,0
ECB_04194,yjiC,0
ECB_04195,yjiD,0
ECB_04196,yjiE,0
ECB_04197,iadA,0
ECB_04198,yjiG,0
ECB_04199,yjiH,0
ECB_04201,yjiJ,0
ECB_04202,yjiK,0
ECB_04203,yjiL,1
ECB_04204,yjiM,0
ECB_04205,yjiN,0
ECB_04206,yjiO,0
ECB_04211,mcrC,0
ECB_04212,mcrB,0
ECB_04213,yjiW,0
ECB_04214,hsdS,0
ECB_04215,hsdM,2
ECB_04216,hsdR,0
ECB_04217,mrr,0
ECB_04218,yjiA,0
ECB_04219,yjiX,0
ECB_04220,yjiY,0
ECB_04232,tsr,1
ECB_04233,b4356,1
ECB_04234,yjjM,0
ECB_04235,yjjN,0
ECB_04236,mdoB,1
ECB_04237,yjjA,0
ECB_04238,dnaC,0
ECB_04239,dnaT,0
ECB_04240,yjjB,0
ECB_04241,yjjP,0
ECB_04242,yjjQ,0
ECB_04247,holD,1
ECB_04248,rimI,0
ECB_04249,yjjG,0
ECB_04250,prfC,2
ECB_04251,osmY,0
ECB_04253,yjjU,1
ECB_04254,yjjV,0
ECB_04255,yjjW,2
ECB_04256,yjjI,0
ECB_04257,deoC,2
ECB_04258,deoA,1
ECB_04259,deoB,0
ECB_04260,deoD,0
ECB_04262,lplA,3
ECB_04263,smp,0
ECB_04264,serB,0
ECB_04265,sms,2
ECB_04266,nadR,0
ECB_04267,yjjK,0
ECB_04268,slt,2
ECB_04269,trpR,0
ECB_04270,yjjX,0
ECB_04271,gpmB,0
ECB_04272,rob,0
ECB_04273,creA,0
ECB_04274,creB,0
ECB_04275,creC,1
ECB_04276,creD,0
ECB_04277,arcA,0
ECB_04278,yjjY,0
ECB_04279,lasT,1
